,current_popularity,datetime,binned
0,38,2020-04-02 15:17:00,2020-04-02 15:05:00
1,39,2020-04-02 15:27:00,2020-04-02 15:20:00
2,38,2020-04-02 15:37:00,2020-04-02 15:35:00
3,42,2020-04-02 15:47:00,2020-04-02 15:35:00
4,42,2020-04-02 15:48:00,2020-04-02 15:35:00
5,42,2020-04-02 15:53:00,2020-04-02 15:50:00
6,45,2020-04-02 16:03:00,2020-04-02 15:50:00
7,43,2020-04-02 16:13:00,2020-04-02 16:05:00
8,40,2020-04-02 16:23:00,2020-04-02 16:20:00
9,42,2020-04-02 16:33:00,2020-04-02 16:20:00
10,46,2020-04-02 16:43:00,2020-04-02 16:35:00
11,46,2020-04-02 16:53:00,2020-04-02 16:50:00
12,49,2020-04-02 17:03:00,2020-04-02 16:50:00
13,45,2020-04-02 17:14:00,2020-04-02 17:05:00
14,40,2020-04-02 17:24:00,2020-04-02 17:20:00
15,41,2020-04-02 17:34:00,2020-04-02 17:20:00
16,43,2020-04-02 17:44:00,2020-04-02 17:35:00
17,41,2020-04-02 17:54:00,2020-04-02 17:50:00
18,44,2020-04-02 18:04:00,2020-04-02 17:50:00
19,41,2020-04-02 18:14:00,2020-04-02 18:05:00
20,36,2020-04-02 18:24:00,2020-04-02 18:20:00
21,37,2020-04-02 18:34:00,2020-04-02 18:20:00
22,39,2020-04-02 18:44:00,2020-04-02 18:35:00
23,37,2020-04-02 18:54:00,2020-04-02 18:50:00
24,41,2020-04-02 19:04:00,2020-04-02 18:50:00
25,36,2020-04-02 19:14:00,2020-04-02 19:05:00
26,32,2020-04-02 19:24:00,2020-04-02 19:20:00
27,31,2020-04-02 19:34:00,2020-04-02 19:20:00
28,27,2020-04-02 19:44:00,2020-04-02 19:35:00
29,26,2020-04-02 19:54:00,2020-04-02 19:50:00
30,24,2020-04-02 20:04:00,2020-04-02 19:50:00
31,21,2020-04-02 20:14:00,2020-04-02 20:05:00
32,19,2020-04-02 20:24:00,2020-04-02 20:20:00
33,18,2020-04-02 20:34:00,2020-04-02 20:20:00
34,15,2020-04-02 20:44:00,2020-04-02 20:35:00
35,15,2020-04-02 20:55:00,2020-04-02 20:50:00
36,14,2020-04-02 21:05:00,2020-04-02 21:05:00
37,12,2020-04-02 21:15:00,2020-04-02 21:05:00
38,11,2020-04-02 21:25:00,2020-04-02 21:20:00
39,11,2020-04-02 21:35:00,2020-04-02 21:35:00
40,10,2020-04-02 21:45:00,2020-04-02 21:35:00
41,10,2020-04-02 21:55:00,2020-04-02 21:50:00
42,9,2020-04-02 22:05:00,2020-04-02 22:05:00
43,8,2020-04-02 22:15:00,2020-04-02 22:05:00
44,7,2020-04-02 22:25:00,2020-04-02 22:20:00
45,7,2020-04-02 22:35:00,2020-04-02 22:35:00
46,7,2020-04-02 22:45:00,2020-04-02 22:35:00
47,7,2020-04-02 22:55:00,2020-04-02 22:50:00
48,7,2020-04-02 23:05:00,2020-04-02 23:05:00
49,6,2020-04-02 23:15:00,2020-04-02 23:05:00
50,6,2020-04-02 23:25:00,2020-04-02 23:20:00
51,6,2020-04-02 23:35:00,2020-04-02 23:35:00
52,5,2020-04-03 06:08:00,2020-04-03 06:05:00
53,5,2020-04-03 06:18:00,2020-04-03 06:05:00
54,6,2020-04-03 06:28:00,2020-04-03 06:20:00
55,6,2020-04-03 06:38:00,2020-04-03 06:35:00
56,8,2020-04-03 06:48:00,2020-04-03 06:35:00
57,10,2020-04-03 06:58:00,2020-04-03 06:50:00
58,11,2020-04-03 07:08:00,2020-04-03 07:05:00
59,11,2020-04-03 07:18:00,2020-04-03 07:05:00
60,12,2020-04-03 07:28:00,2020-04-03 07:20:00
61,12,2020-04-03 07:38:00,2020-04-03 07:35:00
62,14,2020-04-03 07:48:00,2020-04-03 07:35:00
63,16,2020-04-03 07:58:00,2020-04-03 07:50:00
64,15,2020-04-03 08:08:00,2020-04-03 08:05:00
65,14,2020-04-03 08:18:00,2020-04-03 08:05:00
66,15,2020-04-03 08:28:00,2020-04-03 08:20:00
67,15,2020-04-03 08:38:00,2020-04-03 08:35:00
68,17,2020-04-03 08:48:00,2020-04-03 08:35:00
69,20,2020-04-03 08:58:00,2020-04-03 08:50:00
70,17,2020-04-03 09:08:00,2020-04-03 09:05:00
71,17,2020-04-03 09:18:00,2020-04-03 09:05:00
72,18,2020-04-03 09:28:00,2020-04-03 09:20:00
73,18,2020-04-03 09:38:00,2020-04-03 09:35:00
74,20,2020-04-03 09:48:00,2020-04-03 09:35:00
75,24,2020-04-03 09:58:00,2020-04-03 09:50:00
76,21,2020-04-03 10:08:00,2020-04-03 10:05:00
77,20,2020-04-03 10:18:00,2020-04-03 10:05:00
78,19,2020-04-03 10:28:00,2020-04-03 10:20:00
79,18,2020-04-03 10:38:00,2020-04-03 10:35:00
80,19,2020-04-03 10:49:00,2020-04-03 10:35:00
81,19,2020-04-03 10:59:00,2020-04-03 10:50:00
82,20,2020-04-03 11:09:00,2020-04-03 11:05:00
83,20,2020-04-03 11:19:00,2020-04-03 11:05:00
84,18,2020-04-03 11:29:00,2020-04-03 11:20:00
85,20,2020-04-03 11:39:00,2020-04-03 11:35:00
86,22,2020-04-03 11:49:00,2020-04-03 11:35:00
87,22,2020-04-03 11:59:00,2020-04-03 11:50:00
88,24,2020-04-03 12:09:00,2020-04-03 12:05:00
89,23,2020-04-03 12:19:00,2020-04-03 12:05:00
90,21,2020-04-03 12:29:00,2020-04-03 12:20:00
91,21,2020-04-03 12:39:00,2020-04-03 12:35:00
92,24,2020-04-03 12:49:00,2020-04-03 12:35:00
93,23,2020-04-03 12:59:00,2020-04-03 12:50:00
94,22,2020-04-03 13:09:00,2020-04-03 13:05:00
95,22,2020-04-03 13:19:00,2020-04-03 13:05:00
96,21,2020-04-03 13:29:00,2020-04-03 13:20:00
97,23,2020-04-03 13:39:00,2020-04-03 13:35:00
98,27,2020-04-03 13:49:00,2020-04-03 13:35:00
99,26,2020-04-03 13:59:00,2020-04-03 13:50:00
100,24,2020-04-03 14:09:00,2020-04-03 14:05:00
101,24,2020-04-03 14:19:00,2020-04-03 14:05:00
102,22,2020-04-03 14:29:00,2020-04-03 14:20:00
103,24,2020-04-03 14:39:00,2020-04-03 14:35:00
104,27,2020-04-03 14:50:00,2020-04-03 14:50:00
105,25,2020-04-03 15:00:00,2020-04-03 14:50:00
106,23,2020-04-03 15:10:00,2020-04-03 15:05:00
107,23,2020-04-03 15:20:00,2020-04-03 15:20:00
108,21,2020-04-03 15:30:00,2020-04-03 15:20:00
109,23,2020-04-03 15:40:00,2020-04-03 15:35:00
110,26,2020-04-03 15:50:00,2020-04-03 15:50:00
111,24,2020-04-03 16:00:00,2020-04-03 15:50:00
112,22,2020-04-03 16:10:00,2020-04-03 16:05:00
113,21,2020-04-03 16:20:00,2020-04-03 16:20:00
114,19,2020-04-03 16:30:00,2020-04-03 16:20:00
115,20,2020-04-03 16:40:00,2020-04-03 16:35:00
116,19,2020-04-03 16:50:00,2020-04-03 16:50:00
117,21,2020-04-03 17:00:00,2020-04-03 16:50:00
118,19,2020-04-03 17:10:00,2020-04-03 17:05:00
119,17,2020-04-03 17:20:00,2020-04-03 17:20:00
120,17,2020-04-03 17:30:00,2020-04-03 17:20:00
121,18,2020-04-03 17:40:00,2020-04-03 17:35:00
122,17,2020-04-03 17:50:00,2020-04-03 17:50:00
123,21,2020-04-03 18:00:00,2020-04-03 17:50:00
124,19,2020-04-03 18:10:00,2020-04-03 18:05:00
125,17,2020-04-03 18:20:00,2020-04-03 18:20:00
126,17,2020-04-03 18:30:00,2020-04-03 18:20:00
127,19,2020-04-03 18:40:00,2020-04-03 18:35:00
128,18,2020-04-03 18:50:00,2020-04-03 18:50:00
129,20,2020-04-03 19:00:00,2020-04-03 18:50:00
130,18,2020-04-03 19:11:00,2020-04-03 19:05:00
131,16,2020-04-03 19:21:00,2020-04-03 19:20:00
132,17,2020-04-03 19:31:00,2020-04-03 19:20:00
133,17,2020-04-03 19:41:00,2020-04-03 19:35:00
134,17,2020-04-03 19:51:00,2020-04-03 19:50:00
135,19,2020-04-03 20:01:00,2020-04-03 19:50:00
136,17,2020-04-03 20:11:00,2020-04-03 20:05:00
137,15,2020-04-03 20:21:00,2020-04-03 20:20:00
138,15,2020-04-03 20:31:00,2020-04-03 20:20:00
139,13,2020-04-03 20:41:00,2020-04-03 20:35:00
140,14,2020-04-03 20:51:00,2020-04-03 20:50:00
141,16,2020-04-03 21:01:00,2020-04-03 20:50:00
142,6,2020-04-04 06:01:00,2020-04-04 05:50:00
143,6,2020-04-04 06:11:00,2020-04-04 06:05:00
144,6,2020-04-04 06:21:00,2020-04-04 06:20:00
145,6,2020-04-04 06:31:00,2020-04-04 06:20:00
146,7,2020-04-04 06:41:00,2020-04-04 06:35:00
147,8,2020-04-04 06:51:00,2020-04-04 06:50:00
148,11,2020-04-04 07:01:00,2020-04-04 06:50:00
149,10,2020-04-04 07:11:00,2020-04-04 07:05:00
150,11,2020-04-04 07:21:00,2020-04-04 07:20:00
151,11,2020-04-04 07:31:00,2020-04-04 07:20:00
152,12,2020-04-04 07:41:00,2020-04-04 07:35:00
153,14,2020-04-04 07:51:00,2020-04-04 07:50:00
154,17,2020-04-04 08:01:00,2020-04-04 07:50:00
155,16,2020-04-04 08:11:00,2020-04-04 08:05:00
156,17,2020-04-04 08:21:00,2020-04-04 08:20:00
157,17,2020-04-04 08:31:00,2020-04-04 08:20:00
158,19,2020-04-04 08:41:00,2020-04-04 08:35:00
159,24,2020-04-04 08:51:00,2020-04-04 08:50:00
160,24,2020-04-04 09:01:00,2020-04-04 08:50:00
161,24,2020-04-04 09:11:00,2020-04-04 09:05:00
162,25,2020-04-04 09:21:00,2020-04-04 09:20:00
163,25,2020-04-04 09:31:00,2020-04-04 09:20:00
164,28,2020-04-04 09:42:00,2020-04-04 09:35:00
165,32,2020-04-04 09:52:00,2020-04-04 09:50:00
166,30,2020-04-04 10:02:00,2020-04-04 09:50:00
167,28,2020-04-04 10:12:00,2020-04-04 10:05:00
168,28,2020-04-04 10:22:00,2020-04-04 10:20:00
169,27,2020-04-04 10:32:00,2020-04-04 10:20:00
170,29,2020-04-04 10:42:00,2020-04-04 10:35:00
171,33,2020-04-04 10:52:00,2020-04-04 10:50:00
172,31,2020-04-04 11:02:00,2020-04-04 10:50:00
173,29,2020-04-04 11:12:00,2020-04-04 11:05:00
174,29,2020-04-04 11:22:00,2020-04-04 11:20:00
175,28,2020-04-04 11:32:00,2020-04-04 11:20:00
176,33,2020-04-04 11:42:00,2020-04-04 11:35:00
177,40,2020-04-04 11:52:00,2020-04-04 11:50:00
178,41,2020-04-04 12:02:00,2020-04-04 11:50:00
179,39,2020-04-04 12:12:00,2020-04-04 12:05:00
180,39,2020-04-04 12:22:00,2020-04-04 12:20:00
181,38,2020-04-04 12:32:00,2020-04-04 12:20:00
182,42,2020-04-04 12:42:00,2020-04-04 12:35:00
183,42,2020-04-04 12:52:00,2020-04-04 12:50:00
184,47,2020-04-04 13:02:00,2020-04-04 12:50:00
185,44,2020-04-04 13:12:00,2020-04-04 13:05:00
186,41,2020-04-04 13:22:00,2020-04-04 13:20:00
187,43,2020-04-04 13:32:00,2020-04-04 13:20:00
188,48,2020-04-04 13:42:00,2020-04-04 13:35:00
189,48,2020-04-04 13:52:00,2020-04-04 13:50:00
190,51,2020-04-04 14:02:00,2020-04-04 13:50:00
191,47,2020-04-04 14:12:00,2020-04-04 14:05:00
192,43,2020-04-04 14:22:00,2020-04-04 14:20:00
193,45,2020-04-04 14:33:00,2020-04-04 14:20:00
194,50,2020-04-04 14:43:00,2020-04-04 14:35:00
195,50,2020-04-04 14:53:00,2020-04-04 14:50:00
196,54,2020-04-04 15:03:00,2020-04-04 14:50:00
197,51,2020-04-04 15:13:00,2020-04-04 15:05:00
198,48,2020-04-04 15:23:00,2020-04-04 15:20:00
199,53,2020-04-04 15:33:00,2020-04-04 15:20:00
200,62,2020-04-04 15:43:00,2020-04-04 15:35:00
201,63,2020-04-04 15:53:00,2020-04-04 15:50:00
202,69,2020-04-04 16:03:00,2020-04-04 15:50:00
203,65,2020-04-04 16:13:00,2020-04-04 16:05:00
204,59,2020-04-04 16:23:00,2020-04-04 16:20:00
205,62,2020-04-04 16:33:00,2020-04-04 16:20:00
206,71,2020-04-04 16:43:00,2020-04-04 16:35:00
207,71,2020-04-04 16:53:00,2020-04-04 16:50:00
208,81,2020-04-04 17:03:00,2020-04-04 16:50:00
209,76,2020-04-04 17:13:00,2020-04-04 17:05:00
210,70,2020-04-04 17:23:00,2020-04-04 17:20:00
211,73,2020-04-04 17:33:00,2020-04-04 17:20:00
212,80,2020-04-04 17:43:00,2020-04-04 17:35:00
213,79,2020-04-04 17:53:00,2020-04-04 17:50:00
214,86,2020-04-04 18:03:00,2020-04-04 17:50:00
215,78,2020-04-04 18:13:00,2020-04-04 18:05:00
216,70,2020-04-04 18:23:00,2020-04-04 18:20:00
217,65,2020-04-04 18:33:00,2020-04-04 18:20:00
218,57,2020-04-04 18:44:00,2020-04-04 18:35:00
219,57,2020-04-04 18:54:00,2020-04-04 18:50:00
220,58,2020-04-04 19:04:00,2020-04-04 18:50:00
221,51,2020-04-04 19:14:00,2020-04-04 19:05:00
222,46,2020-04-04 19:24:00,2020-04-04 19:20:00
223,43,2020-04-04 19:34:00,2020-04-04 19:20:00
224,37,2020-04-04 19:44:00,2020-04-04 19:35:00
225,36,2020-04-04 19:54:00,2020-04-04 19:50:00
226,36,2020-04-04 20:04:00,2020-04-04 19:50:00
227,31,2020-04-04 20:14:00,2020-04-04 20:05:00
228,27,2020-04-04 20:24:00,2020-04-04 20:20:00
229,25,2020-04-04 20:34:00,2020-04-04 20:20:00
230,21,2020-04-04 20:44:00,2020-04-04 20:35:00
231,20,2020-04-04 20:54:00,2020-04-04 20:50:00
232,17,2020-04-04 21:04:00,2020-04-04 20:50:00
233,5,2020-04-05 06:04:00,2020-04-05 05:50:00
234,5,2020-04-05 06:14:00,2020-04-05 06:05:00
235,5,2020-04-05 06:24:00,2020-04-05 06:20:00
236,5,2020-04-05 06:34:00,2020-04-05 06:20:00
237,5,2020-04-05 06:44:00,2020-04-05 06:35:00
238,6,2020-04-05 06:54:00,2020-04-05 06:50:00
239,7,2020-04-05 07:04:00,2020-04-05 06:50:00
240,7,2020-04-05 07:14:00,2020-04-05 07:05:00
241,7,2020-04-05 07:24:00,2020-04-05 07:20:00
242,9,2020-04-05 07:34:00,2020-04-05 07:20:00
243,9,2020-04-05 07:44:00,2020-04-05 07:35:00
244,12,2020-04-05 07:54:00,2020-04-05 07:50:00
245,13,2020-04-05 08:04:00,2020-04-05 07:50:00
246,12,2020-04-05 08:14:00,2020-04-05 08:05:00
247,13,2020-04-05 08:24:00,2020-04-05 08:20:00
248,15,2020-04-05 08:34:00,2020-04-05 08:20:00
249,16,2020-04-05 08:44:00,2020-04-05 08:35:00
250,19,2020-04-05 08:55:00,2020-04-05 08:50:00
251,20,2020-04-05 09:05:00,2020-04-05 09:05:00
252,20,2020-04-05 09:15:00,2020-04-05 09:05:00
253,21,2020-04-05 09:25:00,2020-04-05 09:20:00
254,21,2020-04-05 09:35:00,2020-04-05 09:35:00
255,24,2020-04-05 09:45:00,2020-04-05 09:35:00
256,27,2020-04-05 09:55:00,2020-04-05 09:50:00
257,28,2020-04-05 10:05:00,2020-04-05 10:05:00
258,27,2020-04-05 10:15:00,2020-04-05 10:05:00
259,28,2020-04-05 10:25:00,2020-04-05 10:20:00
260,28,2020-04-05 10:35:00,2020-04-05 10:35:00
261,31,2020-04-05 10:45:00,2020-04-05 10:35:00
262,36,2020-04-05 10:55:00,2020-04-05 10:50:00
263,37,2020-04-05 11:05:00,2020-04-05 11:05:00
264,35,2020-04-05 11:15:00,2020-04-05 11:05:00
265,35,2020-04-05 11:25:00,2020-04-05 11:20:00
266,34,2020-04-05 11:35:00,2020-04-05 11:35:00
267,36,2020-04-05 11:45:00,2020-04-05 11:35:00
268,41,2020-04-05 11:55:00,2020-04-05 11:50:00
269,40,2020-04-05 12:05:00,2020-04-05 12:05:00
270,38,2020-04-05 12:15:00,2020-04-05 12:05:00
271,39,2020-04-05 12:25:00,2020-04-05 12:20:00
272,37,2020-04-05 12:35:00,2020-04-05 12:35:00
273,40,2020-04-05 12:45:00,2020-04-05 12:35:00
274,40,2020-04-05 12:55:00,2020-04-05 12:50:00
275,44,2020-04-05 13:05:00,2020-04-05 13:05:00
276,42,2020-04-05 13:15:00,2020-04-05 13:05:00
277,42,2020-04-05 13:25:00,2020-04-05 13:20:00
278,41,2020-04-05 13:35:00,2020-04-05 13:35:00
279,45,2020-04-05 13:45:00,2020-04-05 13:35:00
280,44,2020-04-05 13:56:00,2020-04-05 13:50:00
281,44,2020-04-05 14:06:00,2020-04-05 14:05:00
282,42,2020-04-05 14:16:00,2020-04-05 14:05:00
283,39,2020-04-05 14:26:00,2020-04-05 14:20:00
284,42,2020-04-05 14:36:00,2020-04-05 14:35:00
285,48,2020-04-05 14:46:00,2020-04-05 14:35:00
286,48,2020-04-05 14:56:00,2020-04-05 14:50:00
287,49,2020-04-05 15:06:00,2020-04-05 15:05:00
288,47,2020-04-05 15:16:00,2020-04-05 15:05:00
289,44,2020-04-05 15:26:00,2020-04-05 15:20:00
290,47,2020-04-05 15:36:00,2020-04-05 15:35:00
291,56,2020-04-05 15:46:00,2020-04-05 15:35:00
292,56,2020-04-05 15:56:00,2020-04-05 15:50:00
293,57,2020-04-05 16:06:00,2020-04-05 16:05:00
294,54,2020-04-05 16:16:00,2020-04-05 16:05:00
295,49,2020-04-05 16:26:00,2020-04-05 16:20:00
296,52,2020-04-05 16:36:00,2020-04-05 16:35:00
297,56,2020-04-05 16:46:00,2020-04-05 16:35:00
298,55,2020-04-05 16:56:00,2020-04-05 16:50:00
299,57,2020-04-05 17:06:00,2020-04-05 17:05:00
300,53,2020-04-05 17:16:00,2020-04-05 17:05:00
301,47,2020-04-05 17:26:00,2020-04-05 17:20:00
302,47,2020-04-05 17:36:00,2020-04-05 17:35:00
303,50,2020-04-05 17:46:00,2020-04-05 17:35:00
304,48,2020-04-05 17:57:00,2020-04-05 17:50:00
305,48,2020-04-05 18:07:00,2020-04-05 18:05:00
306,44,2020-04-05 18:17:00,2020-04-05 18:05:00
307,38,2020-04-05 18:27:00,2020-04-05 18:20:00
308,36,2020-04-05 18:37:00,2020-04-05 18:35:00
309,36,2020-04-05 18:47:00,2020-04-05 18:35:00
310,32,2020-04-05 18:57:00,2020-04-05 18:50:00
311,30,2020-04-05 19:07:00,2020-04-05 19:05:00
312,26,2020-04-05 19:17:00,2020-04-05 19:05:00
313,25,2020-04-05 19:27:00,2020-04-05 19:20:00
314,24,2020-04-05 19:37:00,2020-04-05 19:35:00
315,22,2020-04-05 19:47:00,2020-04-05 19:35:00
316,22,2020-04-05 19:57:00,2020-04-05 19:50:00
317,23,2020-04-05 20:07:00,2020-04-05 20:05:00
318,19,2020-04-05 20:17:00,2020-04-05 20:05:00
319,18,2020-04-05 20:27:00,2020-04-05 20:20:00
320,17,2020-04-05 20:37:00,2020-04-05 20:35:00
321,15,2020-04-05 20:47:00,2020-04-05 20:35:00
322,15,2020-04-05 20:57:00,2020-04-05 20:50:00
323,16,2020-04-05 21:07:00,2020-04-05 21:05:00
324,5,2020-04-06 06:07:00,2020-04-06 06:05:00
325,5,2020-04-06 06:17:00,2020-04-06 06:05:00
326,5,2020-04-06 06:27:00,2020-04-06 06:20:00
327,6,2020-04-06 06:37:00,2020-04-06 06:35:00
328,6,2020-04-06 06:47:00,2020-04-06 06:35:00
329,8,2020-04-06 06:57:00,2020-04-06 06:50:00
330,8,2020-04-06 07:07:00,2020-04-06 07:05:00
331,9,2020-04-06 07:17:00,2020-04-06 07:05:00
332,10,2020-04-06 07:27:00,2020-04-06 07:20:00
333,10,2020-04-06 07:37:00,2020-04-06 07:35:00
334,13,2020-04-06 07:47:00,2020-04-06 07:35:00
335,16,2020-04-06 07:57:00,2020-04-06 07:50:00
336,16,2020-04-06 08:07:00,2020-04-06 08:05:00
337,15,2020-04-06 08:17:00,2020-04-06 08:05:00
338,15,2020-04-06 08:27:00,2020-04-06 08:20:00
339,14,2020-04-06 08:37:00,2020-04-06 08:35:00
340,16,2020-04-06 08:47:00,2020-04-06 08:35:00
341,20,2020-04-06 08:57:00,2020-04-06 08:50:00
342,19,2020-04-06 09:07:00,2020-04-06 09:05:00
343,18,2020-04-06 09:17:00,2020-04-06 09:05:00
344,18,2020-04-06 09:27:00,2020-04-06 09:20:00
345,17,2020-04-06 09:37:00,2020-04-06 09:35:00
346,19,2020-04-06 09:47:00,2020-04-06 09:35:00
347,21,2020-04-06 09:57:00,2020-04-06 09:50:00
348,19,2020-04-06 10:07:00,2020-04-06 10:05:00
349,18,2020-04-06 10:17:00,2020-04-06 10:05:00
350,18,2020-04-06 10:27:00,2020-04-06 10:20:00
351,18,2020-04-06 10:37:00,2020-04-06 10:35:00
352,21,2020-04-06 10:48:00,2020-04-06 10:35:00
353,21,2020-04-06 10:58:00,2020-04-06 10:50:00
354,23,2020-04-06 11:08:00,2020-04-06 11:05:00
355,22,2020-04-06 11:18:00,2020-04-06 11:05:00
356,22,2020-04-06 11:28:00,2020-04-06 11:20:00
357,22,2020-04-06 11:38:00,2020-04-06 11:35:00
358,25,2020-04-06 11:48:00,2020-04-06 11:35:00
359,30,2020-04-06 11:58:00,2020-04-06 11:50:00
360,29,2020-04-06 12:08:00,2020-04-06 12:05:00
361,28,2020-04-06 12:18:00,2020-04-06 12:05:00
362,26,2020-04-06 12:28:00,2020-04-06 12:20:00
363,28,2020-04-06 12:38:00,2020-04-06 12:35:00
364,31,2020-04-06 12:48:00,2020-04-06 12:35:00
365,31,2020-04-06 12:58:00,2020-04-06 12:50:00
366,33,2020-04-06 13:08:00,2020-04-06 13:05:00
367,32,2020-04-06 13:18:00,2020-04-06 13:05:00
368,30,2020-04-06 13:28:00,2020-04-06 13:20:00
369,33,2020-04-06 13:38:00,2020-04-06 13:35:00
370,36,2020-04-06 13:48:00,2020-04-06 13:35:00
371,36,2020-04-06 13:58:00,2020-04-06 13:50:00
372,33,2020-04-06 14:08:00,2020-04-06 14:05:00
373,33,2020-04-06 14:18:00,2020-04-06 14:05:00
374,32,2020-04-06 14:28:00,2020-04-06 14:20:00
375,37,2020-04-06 14:38:00,2020-04-06 14:35:00
376,44,2020-04-06 14:48:00,2020-04-06 14:35:00
377,46,2020-04-06 14:59:00,2020-04-06 14:50:00
378,41,2020-04-06 15:09:00,2020-04-06 15:05:00
379,41,2020-04-06 15:19:00,2020-04-06 15:05:00
380,40,2020-04-06 15:29:00,2020-04-06 15:20:00
381,44,2020-04-06 15:39:00,2020-04-06 15:35:00
382,51,2020-04-06 15:49:00,2020-04-06 15:35:00
383,52,2020-04-06 15:59:00,2020-04-06 15:50:00
384,46,2020-04-06 16:09:00,2020-04-06 16:05:00
385,46,2020-04-06 16:19:00,2020-04-06 16:05:00
386,44,2020-04-06 16:29:00,2020-04-06 16:20:00
387,49,2020-04-06 16:39:00,2020-04-06 16:35:00
388,54,2020-04-06 16:49:00,2020-04-06 16:35:00
389,55,2020-04-06 16:59:00,2020-04-06 16:50:00
390,49,2020-04-06 17:09:00,2020-04-06 17:05:00
391,45,2020-04-06 17:19:00,2020-04-06 17:05:00
392,47,2020-04-06 17:29:00,2020-04-06 17:20:00
393,53,2020-04-06 17:39:00,2020-04-06 17:35:00
394,53,2020-04-06 17:49:00,2020-04-06 17:35:00
395,64,2020-04-06 17:59:00,2020-04-06 17:50:00
396,59,2020-04-06 18:09:00,2020-04-06 18:05:00
397,53,2020-04-06 18:19:00,2020-04-06 18:05:00
398,54,2020-04-06 18:29:00,2020-04-06 18:20:00
399,58,2020-04-06 18:39:00,2020-04-06 18:35:00
400,57,2020-04-06 18:50:00,2020-04-06 18:50:00
401,66,2020-04-06 19:00:00,2020-04-06 18:50:00
402,59,2020-04-06 19:10:00,2020-04-06 19:05:00
403,52,2020-04-06 19:20:00,2020-04-06 19:20:00
404,50,2020-04-06 19:30:00,2020-04-06 19:20:00
405,50,2020-04-06 19:40:00,2020-04-06 19:35:00
406,46,2020-04-06 19:50:00,2020-04-06 19:50:00
407,48,2020-04-06 20:00:00,2020-04-06 19:50:00
408,42,2020-04-06 20:10:00,2020-04-06 20:05:00
409,37,2020-04-06 20:20:00,2020-04-06 20:20:00
410,33,2020-04-06 20:30:00,2020-04-06 20:20:00
411,29,2020-04-06 20:40:00,2020-04-06 20:35:00
412,24,2020-04-06 20:50:00,2020-04-06 20:50:00
413,22,2020-04-06 21:00:00,2020-04-06 20:50:00
414,4,2020-04-07 06:00:00,2020-04-07 05:50:00
415,4,2020-04-07 06:10:00,2020-04-07 06:05:00
416,4,2020-04-07 06:20:00,2020-04-07 06:20:00
417,5,2020-04-07 06:30:00,2020-04-07 06:20:00
418,5,2020-04-07 06:40:00,2020-04-07 06:35:00
419,7,2020-04-07 06:50:00,2020-04-07 06:50:00
420,10,2020-04-07 07:00:00,2020-04-07 06:50:00
421,9,2020-04-07 07:10:00,2020-04-07 07:05:00
422,10,2020-04-07 07:20:00,2020-04-07 07:20:00
423,11,2020-04-07 07:30:00,2020-04-07 07:20:00
424,11,2020-04-07 07:40:00,2020-04-07 07:35:00
425,15,2020-04-07 07:50:00,2020-04-07 07:50:00
426,19,2020-04-07 08:00:00,2020-04-07 07:50:00
427,18,2020-04-07 08:10:00,2020-04-07 08:05:00
428,18,2020-04-07 08:20:00,2020-04-07 08:20:00
429,18,2020-04-07 08:31:00,2020-04-07 08:20:00
430,18,2020-04-07 08:41:00,2020-04-07 08:35:00
431,21,2020-04-07 08:51:00,2020-04-07 08:50:00
432,25,2020-04-07 09:01:00,2020-04-07 08:50:00
433,22,2020-04-07 09:11:00,2020-04-07 09:05:00
434,21,2020-04-07 09:21:00,2020-04-07 09:20:00
435,21,2020-04-07 09:31:00,2020-04-07 09:20:00
436,20,2020-04-07 09:41:00,2020-04-07 09:35:00
437,22,2020-04-07 09:51:00,2020-04-07 09:50:00
438,23,2020-04-07 10:01:00,2020-04-07 09:50:00
439,21,2020-04-07 10:11:00,2020-04-07 10:05:00
440,20,2020-04-07 10:21:00,2020-04-07 10:20:00
441,18,2020-04-07 10:31:00,2020-04-07 10:20:00
442,19,2020-04-07 10:41:00,2020-04-07 10:35:00
443,21,2020-04-07 10:51:00,2020-04-07 10:50:00
444,20,2020-04-07 11:01:00,2020-04-07 10:50:00
445,19,2020-04-07 11:11:00,2020-04-07 11:05:00
446,19,2020-04-07 11:21:00,2020-04-07 11:20:00
447,19,2020-04-07 11:31:00,2020-04-07 11:20:00
448,21,2020-04-07 11:41:00,2020-04-07 11:35:00
449,25,2020-04-07 11:51:00,2020-04-07 11:50:00
450,25,2020-04-07 12:01:00,2020-04-07 11:50:00
451,23,2020-04-07 12:11:00,2020-04-07 12:05:00
452,24,2020-04-07 12:21:00,2020-04-07 12:20:00
453,23,2020-04-07 12:32:00,2020-04-07 12:20:00
454,25,2020-04-07 12:42:00,2020-04-07 12:35:00
455,28,2020-04-07 12:52:00,2020-04-07 12:50:00
456,28,2020-04-07 13:02:00,2020-04-07 12:50:00
457,26,2020-04-07 13:12:00,2020-04-07 13:05:00
458,26,2020-04-07 13:22:00,2020-04-07 13:20:00
459,25,2020-04-07 13:32:00,2020-04-07 13:20:00
460,28,2020-04-07 13:42:00,2020-04-07 13:35:00
461,32,2020-04-07 13:52:00,2020-04-07 13:50:00
462,32,2020-04-07 14:02:00,2020-04-07 13:50:00
463,29,2020-04-07 14:12:00,2020-04-07 14:05:00
464,29,2020-04-07 14:22:00,2020-04-07 14:20:00
465,28,2020-04-07 14:32:00,2020-04-07 14:20:00
466,32,2020-04-07 14:42:00,2020-04-07 14:35:00
467,39,2020-04-07 14:52:00,2020-04-07 14:50:00
468,39,2020-04-07 15:02:00,2020-04-07 14:50:00
469,36,2020-04-07 15:12:00,2020-04-07 15:05:00
470,36,2020-04-07 15:22:00,2020-04-07 15:20:00
471,35,2020-04-07 15:32:00,2020-04-07 15:20:00
472,39,2020-04-07 15:42:00,2020-04-07 15:35:00
473,39,2020-04-07 15:52:00,2020-04-07 15:50:00
474,43,2020-04-07 16:02:00,2020-04-07 15:50:00
475,40,2020-04-07 16:12:00,2020-04-07 16:05:00
476,36,2020-04-07 16:22:00,2020-04-07 16:20:00
477,38,2020-04-07 16:33:00,2020-04-07 16:20:00
478,43,2020-04-07 16:43:00,2020-04-07 16:35:00
479,42,2020-04-07 16:53:00,2020-04-07 16:50:00
480,48,2020-04-07 17:03:00,2020-04-07 16:50:00
481,44,2020-04-07 17:13:00,2020-04-07 17:05:00
482,41,2020-04-07 17:23:00,2020-04-07 17:20:00
483,42,2020-04-07 17:33:00,2020-04-07 17:20:00
484,46,2020-04-07 17:43:00,2020-04-07 17:35:00
485,45,2020-04-07 17:53:00,2020-04-07 17:50:00
486,49,2020-04-07 18:03:00,2020-04-07 17:50:00
487,46,2020-04-07 18:13:00,2020-04-07 18:05:00
488,42,2020-04-07 18:21:00,2020-04-07 18:20:00
489,44,2020-04-07 18:31:00,2020-04-07 18:20:00
490,47,2020-04-07 18:41:00,2020-04-07 18:35:00
491,46,2020-04-07 18:51:00,2020-04-07 18:50:00
492,49,2020-04-07 19:01:00,2020-04-07 18:50:00
493,44,2020-04-07 19:11:00,2020-04-07 19:05:00
494,39,2020-04-07 19:21:00,2020-04-07 19:20:00
495,37,2020-04-07 19:31:00,2020-04-07 19:20:00
496,33,2020-04-07 19:41:00,2020-04-07 19:35:00
497,32,2020-04-07 19:51:00,2020-04-07 19:50:00
498,32,2020-04-07 20:01:00,2020-04-07 19:50:00
499,28,2020-04-07 20:11:00,2020-04-07 20:05:00
500,25,2020-04-07 20:21:00,2020-04-07 20:20:00
501,23,2020-04-07 20:31:00,2020-04-07 20:20:00
502,20,2020-04-07 20:41:00,2020-04-07 20:35:00
503,18,2020-04-07 20:51:00,2020-04-07 20:50:00
504,18,2020-04-07 21:01:00,2020-04-07 20:50:00
505,4,2020-04-08 06:02:00,2020-04-08 05:50:00
506,4,2020-04-08 06:12:00,2020-04-08 06:05:00
507,4,2020-04-08 06:22:00,2020-04-08 06:20:00
508,5,2020-04-08 06:32:00,2020-04-08 06:20:00
509,6,2020-04-08 06:42:00,2020-04-08 06:35:00
510,7,2020-04-08 06:52:00,2020-04-08 06:50:00
511,10,2020-04-08 07:02:00,2020-04-08 06:50:00
512,10,2020-04-08 07:12:00,2020-04-08 07:05:00
513,10,2020-04-08 07:22:00,2020-04-08 07:20:00
514,11,2020-04-08 07:32:00,2020-04-08 07:20:00
515,13,2020-04-08 07:42:00,2020-04-08 07:35:00
516,13,2020-04-08 07:52:00,2020-04-08 07:50:00
517,16,2020-04-08 08:02:00,2020-04-08 07:50:00
518,16,2020-04-08 08:12:00,2020-04-08 08:05:00
519,15,2020-04-08 08:22:00,2020-04-08 08:20:00
520,16,2020-04-08 08:32:00,2020-04-08 08:20:00
521,16,2020-04-08 08:42:00,2020-04-08 08:35:00
522,18,2020-04-08 08:52:00,2020-04-08 08:50:00
523,20,2020-04-08 09:02:00,2020-04-08 08:50:00
524,18,2020-04-08 09:12:00,2020-04-08 09:05:00
525,17,2020-04-08 09:22:00,2020-04-08 09:20:00
526,18,2020-04-08 09:32:00,2020-04-08 09:20:00
527,17,2020-04-08 09:42:00,2020-04-08 09:35:00
528,20,2020-04-08 09:52:00,2020-04-08 09:50:00
529,21,2020-04-08 10:02:00,2020-04-08 09:50:00
530,19,2020-04-08 10:12:00,2020-04-08 10:05:00
531,19,2020-04-08 10:22:00,2020-04-08 10:20:00
532,20,2020-04-08 10:32:00,2020-04-08 10:20:00
533,19,2020-04-08 10:42:00,2020-04-08 10:35:00
534,21,2020-04-08 10:52:00,2020-04-08 10:50:00
535,23,2020-04-08 11:02:00,2020-04-08 10:50:00
536,21,2020-04-08 11:13:00,2020-04-08 11:05:00
537,20,2020-04-08 11:23:00,2020-04-08 11:20:00
538,21,2020-04-08 11:33:00,2020-04-08 11:20:00
539,20,2020-04-08 11:43:00,2020-04-08 11:35:00
540,23,2020-04-08 11:53:00,2020-04-08 11:50:00
541,22,2020-04-08 12:03:00,2020-04-08 11:50:00
542,21,2020-04-08 12:13:00,2020-04-08 12:05:00
543,21,2020-04-08 12:23:00,2020-04-08 12:20:00
544,23,2020-04-08 12:33:00,2020-04-08 12:20:00
545,23,2020-04-08 12:43:00,2020-04-08 12:35:00
546,27,2020-04-08 12:53:00,2020-04-08 12:50:00
547,27,2020-04-08 13:03:00,2020-04-08 12:50:00
548,25,2020-04-08 13:13:00,2020-04-08 13:05:00
549,26,2020-04-08 13:23:00,2020-04-08 13:20:00
550,28,2020-04-08 13:33:00,2020-04-08 13:20:00
551,28,2020-04-08 13:43:00,2020-04-08 13:35:00
552,34,2020-04-08 13:53:00,2020-04-08 13:50:00
553,34,2020-04-08 14:03:00,2020-04-08 13:50:00
554,31,2020-04-08 14:13:00,2020-04-08 14:05:00
555,32,2020-04-08 14:23:00,2020-04-08 14:20:00
556,30,2020-04-08 14:33:00,2020-04-08 14:20:00
557,34,2020-04-08 14:43:00,2020-04-08 14:35:00
558,38,2020-04-08 14:53:00,2020-04-08 14:50:00
559,36,2020-04-08 15:04:00,2020-04-08 14:50:00
560,33,2020-04-08 15:14:00,2020-04-08 15:05:00
561,33,2020-04-08 15:24:00,2020-04-08 15:20:00
562,32,2020-04-08 15:34:00,2020-04-08 15:20:00
563,34,2020-04-08 15:44:00,2020-04-08 15:35:00
564,41,2020-04-08 15:54:00,2020-04-08 15:50:00
565,37,2020-04-08 16:04:00,2020-04-08 15:50:00
566,35,2020-04-08 16:14:00,2020-04-08 16:05:00
567,34,2020-04-08 16:24:00,2020-04-08 16:20:00
568,32,2020-04-08 16:34:00,2020-04-08 16:20:00
569,36,2020-04-08 16:44:00,2020-04-08 16:35:00
570,43,2020-04-08 16:54:00,2020-04-08 16:50:00
571,40,2020-04-08 17:04:00,2020-04-08 16:50:00
572,37,2020-04-08 17:14:00,2020-04-08 17:05:00
573,38,2020-04-08 17:24:00,2020-04-08 17:20:00
574,36,2020-04-08 17:34:00,2020-04-08 17:20:00
575,42,2020-04-08 17:44:00,2020-04-08 17:35:00
576,48,2020-04-08 17:54:00,2020-04-08 17:50:00
577,46,2020-04-08 18:04:00,2020-04-08 17:50:00
578,43,2020-04-08 18:14:00,2020-04-08 18:05:00
579,43,2020-04-08 18:24:00,2020-04-08 18:20:00
580,40,2020-04-08 18:34:00,2020-04-08 18:20:00
581,44,2020-04-08 18:44:00,2020-04-08 18:35:00
582,43,2020-04-08 18:54:00,2020-04-08 18:50:00
583,47,2020-04-08 19:04:00,2020-04-08 18:50:00
584,43,2020-04-08 19:15:00,2020-04-08 19:05:00
585,38,2020-04-08 19:25:00,2020-04-08 19:20:00
586,37,2020-04-08 19:35:00,2020-04-08 19:35:00
587,37,2020-04-08 19:45:00,2020-04-08 19:35:00
588,34,2020-04-08 19:55:00,2020-04-08 19:50:00
589,34,2020-04-08 20:05:00,2020-04-08 20:05:00
590,30,2020-04-08 20:15:00,2020-04-08 20:05:00
591,26,2020-04-08 20:25:00,2020-04-08 20:20:00
592,23,2020-04-08 20:35:00,2020-04-08 20:35:00
593,21,2020-04-08 20:45:00,2020-04-08 20:35:00
594,17,2020-04-08 20:55:00,2020-04-08 20:50:00
595,18,2020-04-08 21:05:00,2020-04-08 21:05:00
596,6,2020-04-09 06:05:00,2020-04-09 06:05:00
597,6,2020-04-09 06:15:00,2020-04-09 06:05:00
598,6,2020-04-09 06:25:00,2020-04-09 06:20:00
599,6,2020-04-09 06:35:00,2020-04-09 06:35:00
600,7,2020-04-09 06:45:00,2020-04-09 06:35:00
601,9,2020-04-09 06:55:00,2020-04-09 06:50:00
602,10,2020-04-09 07:05:00,2020-04-09 07:05:00
603,10,2020-04-09 07:15:00,2020-04-09 07:05:00
604,11,2020-04-09 07:25:00,2020-04-09 07:20:00
605,12,2020-04-09 07:35:00,2020-04-09 07:35:00
606,13,2020-04-09 07:45:00,2020-04-09 07:35:00
607,16,2020-04-09 07:55:00,2020-04-09 07:50:00
608,16,2020-04-09 08:05:00,2020-04-09 08:05:00
609,16,2020-04-09 08:15:00,2020-04-09 08:05:00
610,16,2020-04-09 08:25:00,2020-04-09 08:20:00
611,16,2020-04-09 08:35:00,2020-04-09 08:35:00
612,18,2020-04-09 08:45:00,2020-04-09 08:35:00
613,21,2020-04-09 08:55:00,2020-04-09 08:50:00
614,20,2020-04-09 09:05:00,2020-04-09 09:05:00
615,19,2020-04-09 09:15:00,2020-04-09 09:05:00
616,18,2020-04-09 09:25:00,2020-04-09 09:20:00
617,18,2020-04-09 09:35:00,2020-04-09 09:35:00
618,19,2020-04-09 09:46:00,2020-04-09 09:35:00
619,20,2020-04-09 09:56:00,2020-04-09 09:50:00
620,17,2020-04-09 10:06:00,2020-04-09 10:05:00
621,16,2020-04-09 10:16:00,2020-04-09 10:05:00
622,15,2020-04-09 10:26:00,2020-04-09 10:20:00
623,16,2020-04-09 10:36:00,2020-04-09 10:35:00
624,17,2020-04-09 10:46:00,2020-04-09 10:35:00
625,16,2020-04-09 10:56:00,2020-04-09 10:50:00
626,16,2020-04-09 11:06:00,2020-04-09 11:05:00
627,15,2020-04-09 11:16:00,2020-04-09 11:05:00
628,14,2020-04-09 11:26:00,2020-04-09 11:20:00
629,15,2020-04-09 11:36:00,2020-04-09 11:35:00
630,16,2020-04-09 11:46:00,2020-04-09 11:35:00
631,15,2020-04-09 11:56:00,2020-04-09 11:50:00
632,18,2020-04-09 12:06:00,2020-04-09 12:05:00
633,17,2020-04-09 12:16:00,2020-04-09 12:05:00
634,16,2020-04-09 12:26:00,2020-04-09 12:20:00
635,16,2020-04-09 12:36:00,2020-04-09 12:35:00
636,18,2020-04-09 12:46:00,2020-04-09 12:35:00
637,18,2020-04-09 12:56:00,2020-04-09 12:50:00
638,21,2020-04-09 13:06:00,2020-04-09 13:05:00
639,20,2020-04-09 13:16:00,2020-04-09 13:05:00
640,19,2020-04-09 13:26:00,2020-04-09 13:20:00
641,19,2020-04-09 13:37:00,2020-04-09 13:35:00
642,21,2020-04-09 13:47:00,2020-04-09 13:35:00
643,21,2020-04-09 13:57:00,2020-04-09 13:50:00
644,20,2020-04-09 14:07:00,2020-04-09 14:05:00
645,18,2020-04-09 14:17:00,2020-04-09 14:05:00
646,18,2020-04-09 14:27:00,2020-04-09 14:20:00
647,19,2020-04-09 14:37:00,2020-04-09 14:35:00
648,20,2020-04-09 14:47:00,2020-04-09 14:35:00
649,20,2020-04-09 14:57:00,2020-04-09 14:50:00
650,18,2020-04-09 15:07:00,2020-04-09 15:05:00
651,16,2020-04-09 15:17:00,2020-04-09 15:05:00
652,17,2020-04-09 15:27:00,2020-04-09 15:20:00
653,18,2020-04-09 15:37:00,2020-04-09 15:35:00
654,17,2020-04-09 15:47:00,2020-04-09 15:35:00
655,20,2020-04-09 15:57:00,2020-04-09 15:50:00
656,17,2020-04-09 16:07:00,2020-04-09 16:05:00
657,16,2020-04-09 16:17:00,2020-04-09 16:05:00
658,16,2020-04-09 16:27:00,2020-04-09 16:20:00
659,17,2020-04-09 16:37:00,2020-04-09 16:35:00
660,17,2020-04-09 16:47:00,2020-04-09 16:35:00
661,21,2020-04-09 16:57:00,2020-04-09 16:50:00
662,19,2020-04-09 17:07:00,2020-04-09 17:05:00
663,17,2020-04-09 17:17:00,2020-04-09 17:05:00
664,18,2020-04-09 17:27:00,2020-04-09 17:20:00
665,21,2020-04-09 17:37:00,2020-04-09 17:35:00
666,22,2020-04-09 17:47:00,2020-04-09 17:35:00
667,29,2020-04-09 17:57:00,2020-04-09 17:50:00
668,26,2020-04-09 18:08:00,2020-04-09 18:05:00
669,24,2020-04-09 18:18:00,2020-04-09 18:05:00
670,25,2020-04-09 18:28:00,2020-04-09 18:20:00
671,26,2020-04-09 18:38:00,2020-04-09 18:35:00
672,26,2020-04-09 18:48:00,2020-04-09 18:35:00
673,29,2020-04-09 18:58:00,2020-04-09 18:50:00
674,27,2020-04-09 19:08:00,2020-04-09 19:05:00
675,24,2020-04-09 19:18:00,2020-04-09 19:05:00
676,24,2020-04-09 19:28:00,2020-04-09 19:20:00
677,24,2020-04-09 19:38:00,2020-04-09 19:35:00
678,23,2020-04-09 19:48:00,2020-04-09 19:35:00
679,24,2020-04-09 19:58:00,2020-04-09 19:50:00
680,23,2020-04-09 20:08:00,2020-04-09 20:05:00
681,20,2020-04-09 20:18:00,2020-04-09 20:05:00
682,18,2020-04-09 20:28:00,2020-04-09 20:20:00
683,16,2020-04-09 20:38:00,2020-04-09 20:35:00
684,14,2020-04-09 20:48:00,2020-04-09 20:35:00
685,14,2020-04-09 20:58:00,2020-04-09 20:50:00
686,13,2020-04-09 21:08:00,2020-04-09 21:05:00
687,5,2020-04-10 06:08:00,2020-04-10 06:05:00
688,5,2020-04-10 06:18:00,2020-04-10 06:05:00
689,5,2020-04-10 06:28:00,2020-04-10 06:20:00
690,6,2020-04-10 06:38:00,2020-04-10 06:35:00
691,7,2020-04-10 06:48:00,2020-04-10 06:35:00
692,9,2020-04-10 06:58:00,2020-04-10 06:50:00
693,10,2020-04-10 07:08:00,2020-04-10 07:05:00
694,10,2020-04-10 07:18:00,2020-04-10 07:05:00
695,10,2020-04-10 07:28:00,2020-04-10 07:20:00
696,12,2020-04-10 07:38:00,2020-04-10 07:35:00
697,13,2020-04-10 07:48:00,2020-04-10 07:35:00
698,16,2020-04-10 07:58:00,2020-04-10 07:50:00
699,15,2020-04-10 08:08:00,2020-04-10 08:05:00
700,15,2020-04-10 08:19:00,2020-04-10 08:05:00
701,15,2020-04-10 08:29:00,2020-04-10 08:20:00
702,18,2020-04-10 08:39:00,2020-04-10 08:35:00
703,18,2020-04-10 08:49:00,2020-04-10 08:35:00
704,22,2020-04-10 08:59:00,2020-04-10 08:50:00
705,19,2020-04-10 09:09:00,2020-04-10 09:05:00
706,17,2020-04-10 09:19:00,2020-04-10 09:05:00
707,18,2020-04-10 09:29:00,2020-04-10 09:20:00
708,20,2020-04-10 09:39:00,2020-04-10 09:35:00
709,19,2020-04-10 09:49:00,2020-04-10 09:35:00
710,22,2020-04-10 09:59:00,2020-04-10 09:50:00
711,19,2020-04-10 10:09:00,2020-04-10 10:05:00
712,17,2020-04-10 10:19:00,2020-04-10 10:05:00
713,17,2020-04-10 10:29:00,2020-04-10 10:20:00
714,18,2020-04-10 10:39:00,2020-04-10 10:35:00
715,17,2020-04-10 10:49:00,2020-04-10 10:35:00
716,19,2020-04-10 10:59:00,2020-04-10 10:50:00
717,18,2020-04-10 11:09:00,2020-04-10 11:05:00
718,17,2020-04-10 11:19:00,2020-04-10 11:05:00
719,16,2020-04-10 11:29:00,2020-04-10 11:20:00
720,15,2020-04-10 11:39:00,2020-04-10 11:35:00
721,17,2020-04-10 11:49:00,2020-04-10 11:35:00
722,20,2020-04-10 11:59:00,2020-04-10 11:50:00
723,20,2020-04-10 12:09:00,2020-04-10 12:05:00
724,19,2020-04-10 12:19:00,2020-04-10 12:05:00
725,19,2020-04-10 12:29:00,2020-04-10 12:20:00
726,18,2020-04-10 12:39:00,2020-04-10 12:35:00
727,21,2020-04-10 12:49:00,2020-04-10 12:35:00
728,24,2020-04-10 13:00:00,2020-04-10 12:50:00
729,22,2020-04-10 13:10:00,2020-04-10 13:05:00
730,21,2020-04-10 13:20:00,2020-04-10 13:20:00
731,21,2020-04-10 13:30:00,2020-04-10 13:20:00
732,20,2020-04-10 13:40:00,2020-04-10 13:35:00
733,22,2020-04-10 13:50:00,2020-04-10 13:50:00
734,24,2020-04-10 14:00:00,2020-04-10 13:50:00
735,22,2020-04-10 14:10:00,2020-04-10 14:05:00
736,21,2020-04-10 14:20:00,2020-04-10 14:20:00
737,22,2020-04-10 14:30:00,2020-04-10 14:20:00
738,21,2020-04-10 14:40:00,2020-04-10 14:35:00
739,23,2020-04-10 14:50:00,2020-04-10 14:50:00
740,23,2020-04-10 15:00:00,2020-04-10 14:50:00
741,21,2020-04-10 15:10:00,2020-04-10 15:05:00
742,20,2020-04-10 15:20:00,2020-04-10 15:20:00
743,20,2020-04-10 15:30:00,2020-04-10 15:20:00
744,19,2020-04-10 15:40:00,2020-04-10 15:35:00
745,21,2020-04-10 15:50:00,2020-04-10 15:50:00
746,23,2020-04-10 16:00:00,2020-04-10 15:50:00
747,20,2020-04-10 16:10:00,2020-04-10 16:05:00
748,19,2020-04-10 16:20:00,2020-04-10 16:20:00
749,17,2020-04-10 16:30:00,2020-04-10 16:20:00
750,18,2020-04-10 16:40:00,2020-04-10 16:35:00
751,20,2020-04-10 16:50:00,2020-04-10 16:50:00
752,19,2020-04-10 17:01:00,2020-04-10 16:50:00
753,17,2020-04-10 17:11:00,2020-04-10 17:05:00
754,16,2020-04-10 17:21:00,2020-04-10 17:20:00
755,15,2020-04-10 17:31:00,2020-04-10 17:20:00
756,16,2020-04-10 17:41:00,2020-04-10 17:35:00
757,19,2020-04-10 17:51:00,2020-04-10 17:50:00
758,19,2020-04-10 18:01:00,2020-04-10 17:50:00
759,17,2020-04-10 18:11:00,2020-04-10 18:05:00
760,16,2020-04-10 18:21:00,2020-04-10 18:20:00
761,15,2020-04-10 18:31:00,2020-04-10 18:20:00
762,16,2020-04-10 18:41:00,2020-04-10 18:35:00
763,19,2020-04-10 18:51:00,2020-04-10 18:50:00
764,19,2020-04-10 19:01:00,2020-04-10 18:50:00
765,18,2020-04-10 19:11:00,2020-04-10 19:05:00
766,17,2020-04-10 19:21:00,2020-04-10 19:20:00
767,15,2020-04-10 19:31:00,2020-04-10 19:20:00
768,16,2020-04-10 19:41:00,2020-04-10 19:35:00
769,16,2020-04-10 19:51:00,2020-04-10 19:50:00
770,16,2020-04-10 20:01:00,2020-04-10 19:50:00
771,14,2020-04-10 20:11:00,2020-04-10 20:05:00
772,13,2020-04-10 20:21:00,2020-04-10 20:20:00
773,11,2020-04-10 20:31:00,2020-04-10 20:20:00
774,10,2020-04-10 20:41:00,2020-04-10 20:35:00
775,11,2020-04-10 20:51:00,2020-04-10 20:50:00
776,10,2020-04-10 21:02:00,2020-04-10 20:50:00
777,5,2020-04-11 06:02:00,2020-04-11 05:50:00
778,5,2020-04-11 06:12:00,2020-04-11 06:05:00
779,5,2020-04-11 06:22:00,2020-04-11 06:20:00
780,5,2020-04-11 06:32:00,2020-04-11 06:20:00
781,6,2020-04-11 06:42:00,2020-04-11 06:35:00
782,6,2020-04-11 06:52:00,2020-04-11 06:50:00
783,10,2020-04-11 07:02:00,2020-04-11 06:50:00
784,10,2020-04-11 07:12:00,2020-04-11 07:05:00
785,10,2020-04-11 07:22:00,2020-04-11 07:20:00
786,11,2020-04-11 07:32:00,2020-04-11 07:20:00
787,13,2020-04-11 07:42:00,2020-04-11 07:35:00
788,13,2020-04-11 07:52:00,2020-04-11 07:50:00
789,19,2020-04-11 08:02:00,2020-04-11 07:50:00
790,19,2020-04-11 08:12:00,2020-04-11 08:05:00
791,18,2020-04-11 08:22:00,2020-04-11 08:20:00
792,21,2020-04-11 08:32:00,2020-04-11 08:20:00
793,21,2020-04-11 08:42:00,2020-04-11 08:35:00
794,25,2020-04-11 08:52:00,2020-04-11 08:50:00
795,30,2020-04-11 09:02:00,2020-04-11 08:50:00
796,28,2020-04-11 09:12:00,2020-04-11 09:05:00
797,28,2020-04-11 09:22:00,2020-04-11 09:20:00
798,29,2020-04-11 09:32:00,2020-04-11 09:20:00
799,29,2020-04-11 09:42:00,2020-04-11 09:35:00
800,32,2020-04-11 09:52:00,2020-04-11 09:50:00
801,33,2020-04-11 10:02:00,2020-04-11 09:50:00
802,30,2020-04-11 10:12:00,2020-04-11 10:05:00
803,29,2020-04-11 10:22:00,2020-04-11 10:20:00
804,30,2020-04-11 10:32:00,2020-04-11 10:20:00
805,29,2020-04-11 10:42:00,2020-04-11 10:35:00
806,32,2020-04-11 10:52:00,2020-04-11 10:50:00
807,35,2020-04-11 11:02:00,2020-04-11 10:50:00
808,32,2020-04-11 11:12:00,2020-04-11 11:05:00
809,31,2020-04-11 11:22:00,2020-04-11 11:20:00
810,33,2020-04-11 11:32:00,2020-04-11 11:20:00
811,32,2020-04-11 11:42:00,2020-04-11 11:35:00
812,38,2020-04-11 11:53:00,2020-04-11 11:50:00
813,47,2020-04-11 12:03:00,2020-04-11 11:50:00
814,43,2020-04-11 12:13:00,2020-04-11 12:05:00
815,42,2020-04-11 12:23:00,2020-04-11 12:20:00
816,45,2020-04-11 12:33:00,2020-04-11 12:20:00
817,44,2020-04-11 12:43:00,2020-04-11 12:35:00
818,49,2020-04-11 12:53:00,2020-04-11 12:50:00
819,49,2020-04-11 13:03:00,2020-04-11 12:50:00
820,45,2020-04-11 13:13:00,2020-04-11 13:05:00
821,45,2020-04-11 13:23:00,2020-04-11 13:20:00
822,49,2020-04-11 13:33:00,2020-04-11 13:20:00
823,48,2020-04-11 13:43:00,2020-04-11 13:35:00
824,55,2020-04-11 13:53:00,2020-04-11 13:50:00
825,52,2020-04-11 14:03:00,2020-04-11 13:50:00
826,48,2020-04-11 14:13:00,2020-04-11 14:05:00
827,47,2020-04-11 14:23:00,2020-04-11 14:20:00
828,45,2020-04-11 14:33:00,2020-04-11 14:20:00
829,50,2020-04-11 14:43:00,2020-04-11 14:35:00
830,61,2020-04-11 14:53:00,2020-04-11 14:50:00
831,55,2020-04-11 15:03:00,2020-04-11 14:50:00
832,51,2020-04-11 15:13:00,2020-04-11 15:05:00
833,52,2020-04-11 15:23:00,2020-04-11 15:20:00
834,51,2020-04-11 15:33:00,2020-04-11 15:20:00
835,58,2020-04-11 15:43:00,2020-04-11 15:35:00
836,67,2020-04-11 15:53:00,2020-04-11 15:50:00
837,62,2020-04-11 16:03:00,2020-04-11 15:50:00
838,57,2020-04-11 16:13:00,2020-04-11 16:05:00
839,58,2020-04-11 16:23:00,2020-04-11 16:20:00
840,56,2020-04-11 16:34:00,2020-04-11 16:20:00
841,60,2020-04-11 16:44:00,2020-04-11 16:35:00
842,69,2020-04-11 16:54:00,2020-04-11 16:50:00
843,66,2020-04-11 17:04:00,2020-04-11 16:50:00
844,60,2020-04-11 17:14:00,2020-04-11 17:05:00
845,59,2020-04-11 17:24:00,2020-04-11 17:20:00
846,54,2020-04-11 17:34:00,2020-04-11 17:20:00
847,59,2020-04-11 17:44:00,2020-04-11 17:35:00
848,65,2020-04-11 17:54:00,2020-04-11 17:50:00
849,63,2020-04-11 18:04:00,2020-04-11 17:50:00
850,57,2020-04-11 18:14:00,2020-04-11 18:05:00
851,55,2020-04-11 18:24:00,2020-04-11 18:20:00
852,51,2020-04-11 18:34:00,2020-04-11 18:20:00
853,51,2020-04-11 18:44:00,2020-04-11 18:35:00
854,52,2020-04-11 18:54:00,2020-04-11 18:50:00
855,50,2020-04-11 19:04:00,2020-04-11 18:50:00
856,45,2020-04-11 19:14:00,2020-04-11 19:05:00
857,41,2020-04-11 19:24:00,2020-04-11 19:20:00
858,36,2020-04-11 19:34:00,2020-04-11 19:20:00
859,35,2020-04-11 19:44:00,2020-04-11 19:35:00
860,33,2020-04-11 19:54:00,2020-04-11 19:50:00
861,31,2020-04-11 20:04:00,2020-04-11 19:50:00
862,27,2020-04-11 20:14:00,2020-04-11 20:05:00
863,23,2020-04-11 20:24:00,2020-04-11 20:20:00
864,21,2020-04-11 20:35:00,2020-04-11 20:35:00
865,19,2020-04-11 20:45:00,2020-04-11 20:35:00
866,16,2020-04-11 20:55:00,2020-04-11 20:50:00
867,15,2020-04-11 21:05:00,2020-04-11 21:05:00
868,4,2020-04-12 06:05:00,2020-04-12 06:05:00
869,3,2020-04-12 06:15:00,2020-04-12 06:05:00
870,3,2020-04-12 06:25:00,2020-04-12 06:20:00
871,4,2020-04-12 06:35:00,2020-04-12 06:35:00
872,4,2020-04-12 06:45:00,2020-04-12 06:35:00
873,5,2020-04-12 06:55:00,2020-04-12 06:50:00
874,7,2020-04-12 07:05:00,2020-04-12 07:05:00
875,6,2020-04-12 07:15:00,2020-04-12 07:05:00
876,7,2020-04-12 07:25:00,2020-04-12 07:20:00
877,8,2020-04-12 07:35:00,2020-04-12 07:35:00
878,8,2020-04-12 07:45:00,2020-04-12 07:35:00
879,11,2020-04-12 07:55:00,2020-04-12 07:50:00
880,12,2020-04-12 08:05:00,2020-04-12 08:05:00
881,12,2020-04-12 08:15:00,2020-04-12 08:05:00
882,12,2020-04-12 08:25:00,2020-04-12 08:20:00
883,14,2020-04-12 08:35:00,2020-04-12 08:35:00
884,14,2020-04-12 08:45:00,2020-04-12 08:35:00
885,17,2020-04-12 08:55:00,2020-04-12 08:50:00
886,18,2020-04-12 09:05:00,2020-04-12 09:05:00
887,18,2020-04-12 09:15:00,2020-04-12 09:05:00
888,19,2020-04-12 09:25:00,2020-04-12 09:20:00
889,21,2020-04-12 09:35:00,2020-04-12 09:35:00
890,21,2020-04-12 09:45:00,2020-04-12 09:35:00
891,27,2020-04-12 09:55:00,2020-04-12 09:50:00
892,28,2020-04-12 10:05:00,2020-04-12 10:05:00
893,27,2020-04-12 10:15:00,2020-04-12 10:05:00
894,27,2020-04-12 10:25:00,2020-04-12 10:20:00
895,26,2020-04-12 10:35:00,2020-04-12 10:35:00
896,28,2020-04-12 10:45:00,2020-04-12 10:35:00
897,32,2020-04-12 10:56:00,2020-04-12 10:50:00
898,33,2020-04-12 11:06:00,2020-04-12 11:05:00
899,32,2020-04-12 11:16:00,2020-04-12 11:05:00
900,33,2020-04-12 11:26:00,2020-04-12 11:20:00
901,32,2020-04-12 11:36:00,2020-04-12 11:35:00
902,36,2020-04-12 11:46:00,2020-04-12 11:35:00
903,41,2020-04-12 11:56:00,2020-04-12 11:50:00
904,41,2020-04-12 12:06:00,2020-04-12 12:05:00
905,39,2020-04-12 12:16:00,2020-04-12 12:05:00
906,40,2020-04-12 12:26:00,2020-04-12 12:20:00
907,39,2020-04-12 12:36:00,2020-04-12 12:35:00
908,44,2020-04-12 12:46:00,2020-04-12 12:35:00
909,50,2020-04-12 12:56:00,2020-04-12 12:50:00
910,46,2020-04-12 13:06:00,2020-04-12 13:05:00
911,44,2020-04-12 13:16:00,2020-04-12 13:05:00
912,44,2020-04-12 13:26:00,2020-04-12 13:20:00
913,42,2020-04-12 13:36:00,2020-04-12 13:35:00
914,46,2020-04-12 13:46:00,2020-04-12 13:35:00
915,45,2020-04-12 13:56:00,2020-04-12 13:50:00
916,44,2020-04-12 14:06:00,2020-04-12 14:05:00
917,41,2020-04-12 14:16:00,2020-04-12 14:05:00
918,43,2020-04-12 14:26:00,2020-04-12 14:20:00
919,42,2020-04-12 14:36:00,2020-04-12 14:35:00
920,48,2020-04-12 14:46:00,2020-04-12 14:35:00
921,48,2020-04-12 14:57:00,2020-04-12 14:50:00
922,49,2020-04-12 15:07:00,2020-04-12 15:05:00
923,47,2020-04-12 15:17:00,2020-04-12 15:05:00
924,44,2020-04-12 15:27:00,2020-04-12 15:20:00
925,48,2020-04-12 15:37:00,2020-04-12 15:35:00
926,57,2020-04-12 15:47:00,2020-04-12 15:35:00
927,59,2020-04-12 15:57:00,2020-04-12 15:50:00
928,61,2020-04-12 16:07:00,2020-04-12 16:05:00
929,58,2020-04-12 16:17:00,2020-04-12 16:05:00
930,53,2020-04-12 16:27:00,2020-04-12 16:20:00
931,59,2020-04-12 16:37:00,2020-04-12 16:35:00
932,66,2020-04-12 16:47:00,2020-04-12 16:35:00
933,66,2020-04-12 16:57:00,2020-04-12 16:50:00
934,67,2020-04-12 17:07:00,2020-04-12 17:05:00
935,64,2020-04-12 17:17:00,2020-04-12 17:05:00
936,59,2020-04-12 17:27:00,2020-04-12 17:20:00
937,63,2020-04-12 17:37:00,2020-04-12 17:35:00
938,69,2020-04-12 17:47:00,2020-04-12 17:35:00
939,68,2020-04-12 17:57:00,2020-04-12 17:50:00
940,63,2020-04-12 18:07:00,2020-04-12 18:05:00
941,60,2020-04-12 18:17:00,2020-04-12 18:05:00
942,55,2020-04-12 18:27:00,2020-04-12 18:20:00
943,56,2020-04-12 18:37:00,2020-04-12 18:35:00
944,60,2020-04-12 18:48:00,2020-04-12 18:35:00
945,58,2020-04-12 18:58:00,2020-04-12 18:50:00
946,55,2020-04-12 19:08:00,2020-04-12 19:05:00
947,50,2020-04-12 19:18:00,2020-04-12 19:05:00
948,45,2020-04-12 19:28:00,2020-04-12 19:20:00
949,43,2020-04-12 19:38:00,2020-04-12 19:35:00
950,38,2020-04-12 19:48:00,2020-04-12 19:35:00
951,39,2020-04-12 19:58:00,2020-04-12 19:50:00
952,37,2020-04-12 20:08:00,2020-04-12 20:05:00
953,33,2020-04-12 20:18:00,2020-04-12 20:05:00
954,28,2020-04-12 20:28:00,2020-04-12 20:20:00
955,25,2020-04-12 20:38:00,2020-04-12 20:35:00
956,21,2020-04-12 20:48:00,2020-04-12 20:35:00
957,19,2020-04-12 20:58:00,2020-04-12 20:50:00
958,18,2020-04-12 21:08:00,2020-04-12 21:05:00
959,4,2020-04-13 06:08:00,2020-04-13 06:05:00
960,5,2020-04-13 06:18:00,2020-04-13 06:05:00
961,5,2020-04-13 06:28:00,2020-04-13 06:20:00
962,5,2020-04-13 06:38:00,2020-04-13 06:35:00
963,6,2020-04-13 06:48:00,2020-04-13 06:35:00
964,7,2020-04-13 06:58:00,2020-04-13 06:50:00
965,8,2020-04-13 07:08:00,2020-04-13 07:05:00
966,8,2020-04-13 07:18:00,2020-04-13 07:05:00
967,8,2020-04-13 07:28:00,2020-04-13 07:20:00
968,8,2020-04-13 07:38:00,2020-04-13 07:35:00
969,9,2020-04-13 07:48:00,2020-04-13 07:35:00
970,9,2020-04-13 07:58:00,2020-04-13 07:50:00
971,10,2020-04-13 08:09:00,2020-04-13 08:05:00
972,10,2020-04-13 08:19:00,2020-04-13 08:05:00
973,9,2020-04-13 08:29:00,2020-04-13 08:20:00
974,9,2020-04-13 08:39:00,2020-04-13 08:35:00
975,10,2020-04-13 08:49:00,2020-04-13 08:35:00
976,10,2020-04-13 08:59:00,2020-04-13 08:50:00
977,10,2020-04-13 09:09:00,2020-04-13 09:05:00
978,9,2020-04-13 09:19:00,2020-04-13 09:05:00
979,9,2020-04-13 09:29:00,2020-04-13 09:20:00
980,9,2020-04-13 09:39:00,2020-04-13 09:35:00
981,11,2020-04-13 09:49:00,2020-04-13 09:35:00
982,11,2020-04-13 09:59:00,2020-04-13 09:50:00
983,9,2020-04-13 10:09:00,2020-04-13 10:05:00
984,9,2020-04-13 10:19:00,2020-04-13 10:05:00
985,8,2020-04-13 10:29:00,2020-04-13 10:20:00
986,9,2020-04-13 10:39:00,2020-04-13 10:35:00
987,9,2020-04-13 10:49:00,2020-04-13 10:35:00
988,11,2020-04-13 10:59:00,2020-04-13 10:50:00
989,10,2020-04-13 11:09:00,2020-04-13 11:05:00
990,9,2020-04-13 11:19:00,2020-04-13 11:05:00
991,9,2020-04-13 11:29:00,2020-04-13 11:20:00
992,10,2020-04-13 11:39:00,2020-04-13 11:35:00
993,10,2020-04-13 11:49:00,2020-04-13 11:35:00
994,12,2020-04-13 11:59:00,2020-04-13 11:50:00
995,12,2020-04-13 12:09:00,2020-04-13 12:05:00
996,11,2020-04-13 12:19:00,2020-04-13 12:05:00
997,10,2020-04-13 12:29:00,2020-04-13 12:20:00
998,11,2020-04-13 12:39:00,2020-04-13 12:35:00
999,10,2020-04-13 12:50:00,2020-04-13 12:50:00
1000,13,2020-04-13 13:00:00,2020-04-13 12:50:00
1001,12,2020-04-13 13:10:00,2020-04-13 13:05:00
1002,12,2020-04-13 13:20:00,2020-04-13 13:20:00
1003,12,2020-04-13 13:30:00,2020-04-13 13:20:00
1004,14,2020-04-13 13:40:00,2020-04-13 13:35:00
1005,14,2020-04-13 13:50:00,2020-04-13 13:50:00
1006,14,2020-04-13 14:00:00,2020-04-13 13:50:00
1007,13,2020-04-13 14:10:00,2020-04-13 14:05:00
1008,12,2020-04-13 14:20:00,2020-04-13 14:20:00
1009,13,2020-04-13 14:30:00,2020-04-13 14:20:00
1010,12,2020-04-13 14:40:00,2020-04-13 14:35:00
1011,14,2020-04-13 14:50:00,2020-04-13 14:50:00
1012,13,2020-04-13 15:00:00,2020-04-13 14:50:00
1013,12,2020-04-13 15:10:00,2020-04-13 15:05:00
1014,11,2020-04-13 15:20:00,2020-04-13 15:20:00
1015,11,2020-04-13 15:30:00,2020-04-13 15:20:00
1016,10,2020-04-13 15:40:00,2020-04-13 15:35:00
1017,11,2020-04-13 15:50:00,2020-04-13 15:50:00
1018,10,2020-04-13 16:00:00,2020-04-13 15:50:00
1019,8,2020-04-13 16:10:00,2020-04-13 16:05:00
1020,8,2020-04-13 16:20:00,2020-04-13 16:20:00
1021,8,2020-04-13 16:30:00,2020-04-13 16:20:00
1022,7,2020-04-13 16:41:00,2020-04-13 16:35:00
1023,10,2020-04-13 16:51:00,2020-04-13 16:50:00
1024,10,2020-04-13 17:01:00,2020-04-13 16:50:00
1025,9,2020-04-13 17:11:00,2020-04-13 17:05:00
1026,8,2020-04-13 17:21:00,2020-04-13 17:20:00
1027,8,2020-04-13 17:31:00,2020-04-13 17:20:00
1028,8,2020-04-13 17:41:00,2020-04-13 17:35:00
1029,9,2020-04-13 17:51:00,2020-04-13 17:50:00
1030,11,2020-04-13 18:01:00,2020-04-13 17:50:00
1031,10,2020-04-13 18:11:00,2020-04-13 18:05:00
1032,9,2020-04-13 18:21:00,2020-04-13 18:20:00
1033,8,2020-04-13 18:31:00,2020-04-13 18:20:00
1034,10,2020-04-13 18:41:00,2020-04-13 18:35:00
1035,13,2020-04-13 18:51:00,2020-04-13 18:50:00
1036,14,2020-04-13 19:01:00,2020-04-13 18:50:00
1037,13,2020-04-13 19:11:00,2020-04-13 19:05:00
1038,14,2020-04-13 19:21:00,2020-04-13 19:20:00
1039,14,2020-04-13 19:31:00,2020-04-13 19:20:00
1040,17,2020-04-13 19:41:00,2020-04-13 19:35:00
1041,21,2020-04-13 19:51:00,2020-04-13 19:50:00
1042,23,2020-04-13 20:01:00,2020-04-13 19:50:00
1043,21,2020-04-13 20:11:00,2020-04-13 20:05:00
1044,19,2020-04-13 20:22:00,2020-04-13 20:20:00
1045,17,2020-04-13 20:32:00,2020-04-13 20:20:00
1046,17,2020-04-13 20:42:00,2020-04-13 20:35:00
1047,17,2020-04-13 20:52:00,2020-04-13 20:50:00
1048,17,2020-04-13 21:02:00,2020-04-13 20:50:00
1049,5,2020-04-14 06:02:00,2020-04-14 05:50:00
1050,5,2020-04-14 06:12:00,2020-04-14 06:05:00
1051,5,2020-04-14 06:22:00,2020-04-14 06:20:00
1052,6,2020-04-14 06:32:00,2020-04-14 06:20:00
1053,7,2020-04-14 06:42:00,2020-04-14 06:35:00
1054,8,2020-04-14 06:52:00,2020-04-14 06:50:00
1055,11,2020-04-14 07:02:00,2020-04-14 06:50:00
1056,11,2020-04-14 07:12:00,2020-04-14 07:05:00
1057,10,2020-04-14 07:22:00,2020-04-14 07:20:00
1058,12,2020-04-14 07:32:00,2020-04-14 07:20:00
1059,13,2020-04-14 07:42:00,2020-04-14 07:35:00
1060,14,2020-04-14 07:52:00,2020-04-14 07:50:00
1061,16,2020-04-14 08:02:00,2020-04-14 07:50:00
1062,16,2020-04-14 08:12:00,2020-04-14 08:05:00
1063,15,2020-04-14 08:22:00,2020-04-14 08:20:00
1064,18,2020-04-14 08:32:00,2020-04-14 08:20:00
1065,21,2020-04-14 08:42:00,2020-04-14 08:35:00
1066,23,2020-04-14 08:52:00,2020-04-14 08:50:00
1067,27,2020-04-14 09:02:00,2020-04-14 08:50:00
1068,26,2020-04-14 09:12:00,2020-04-14 09:05:00
1069,24,2020-04-14 09:22:00,2020-04-14 09:20:00
1070,23,2020-04-14 09:33:00,2020-04-14 09:20:00
1071,25,2020-04-14 09:43:00,2020-04-14 09:35:00
1072,24,2020-04-14 09:53:00,2020-04-14 09:50:00
1073,27,2020-04-14 10:03:00,2020-04-14 09:50:00
1074,25,2020-04-14 10:13:00,2020-04-14 10:05:00
1075,25,2020-04-14 10:23:00,2020-04-14 10:20:00
1076,25,2020-04-14 10:33:00,2020-04-14 10:20:00
1077,25,2020-04-14 10:43:00,2020-04-14 10:35:00
1078,27,2020-04-14 10:53:00,2020-04-14 10:50:00
1079,31,2020-04-14 11:03:00,2020-04-14 10:50:00
1080,28,2020-04-14 11:13:00,2020-04-14 11:05:00
1081,27,2020-04-14 11:23:00,2020-04-14 11:20:00
1082,28,2020-04-14 11:33:00,2020-04-14 11:20:00
1083,26,2020-04-14 11:43:00,2020-04-14 11:35:00
1084,29,2020-04-14 11:53:00,2020-04-14 11:50:00
1085,31,2020-04-14 12:03:00,2020-04-14 11:50:00
1086,29,2020-04-14 12:13:00,2020-04-14 12:05:00
1087,28,2020-04-14 12:23:00,2020-04-14 12:20:00
1088,29,2020-04-14 12:33:00,2020-04-14 12:20:00
1089,28,2020-04-14 12:43:00,2020-04-14 12:35:00
1090,31,2020-04-14 12:53:00,2020-04-14 12:50:00
1091,35,2020-04-14 13:03:00,2020-04-14 12:50:00
1092,32,2020-04-14 13:13:00,2020-04-14 13:05:00
1093,31,2020-04-14 13:23:00,2020-04-14 13:20:00
1094,30,2020-04-14 13:33:00,2020-04-14 13:20:00
1095,28,2020-04-14 13:43:00,2020-04-14 13:35:00
1096,31,2020-04-14 13:53:00,2020-04-14 13:50:00
1097,30,2020-04-14 14:03:00,2020-04-14 13:50:00
1098,28,2020-04-14 14:13:00,2020-04-14 14:05:00
1099,29,2020-04-14 14:24:00,2020-04-14 14:20:00
1100,32,2020-04-14 14:34:00,2020-04-14 14:20:00
1101,33,2020-04-14 14:44:00,2020-04-14 14:35:00
1102,41,2020-04-14 14:54:00,2020-04-14 14:50:00
1103,40,2020-04-14 15:04:00,2020-04-14 14:50:00
1104,37,2020-04-14 15:14:00,2020-04-14 15:05:00
1105,37,2020-04-14 15:24:00,2020-04-14 15:20:00
1106,40,2020-04-14 15:34:00,2020-04-14 15:20:00
1107,40,2020-04-14 15:44:00,2020-04-14 15:35:00
1108,47,2020-04-14 15:54:00,2020-04-14 15:50:00
1109,46,2020-04-14 16:04:00,2020-04-14 15:50:00
1110,42,2020-04-14 16:14:00,2020-04-14 16:05:00
1111,43,2020-04-14 16:24:00,2020-04-14 16:20:00
1112,48,2020-04-14 16:34:00,2020-04-14 16:20:00
1113,49,2020-04-14 16:44:00,2020-04-14 16:35:00
1114,58,2020-04-14 16:54:00,2020-04-14 16:50:00
1115,56,2020-04-14 17:04:00,2020-04-14 16:50:00
1116,51,2020-04-14 17:14:00,2020-04-14 17:05:00
1117,50,2020-04-14 17:24:00,2020-04-14 17:20:00
1118,47,2020-04-14 17:34:00,2020-04-14 17:20:00
1119,51,2020-04-14 17:44:00,2020-04-14 17:35:00
1120,58,2020-04-14 17:54:00,2020-04-14 17:50:00
1121,55,2020-04-14 18:04:00,2020-04-14 17:50:00
1122,50,2020-04-14 18:14:00,2020-04-14 18:05:00
1123,49,2020-04-14 18:25:00,2020-04-14 18:20:00
1124,45,2020-04-14 18:35:00,2020-04-14 18:35:00
1125,47,2020-04-14 18:45:00,2020-04-14 18:35:00
1126,51,2020-04-14 18:55:00,2020-04-14 18:50:00
1127,47,2020-04-14 19:05:00,2020-04-14 19:05:00
1128,42,2020-04-14 19:15:00,2020-04-14 19:05:00
1129,39,2020-04-14 19:25:00,2020-04-14 19:20:00
1130,34,2020-04-14 19:35:00,2020-04-14 19:35:00
1131,32,2020-04-14 19:45:00,2020-04-14 19:35:00
1132,32,2020-04-14 19:55:00,2020-04-14 19:50:00
1133,29,2020-04-14 20:05:00,2020-04-14 20:05:00
1134,25,2020-04-14 20:15:00,2020-04-14 20:05:00
1135,23,2020-04-14 20:25:00,2020-04-14 20:20:00
1136,20,2020-04-14 20:35:00,2020-04-14 20:35:00
1137,18,2020-04-14 20:45:00,2020-04-14 20:35:00
1138,16,2020-04-14 20:55:00,2020-04-14 20:50:00
1139,17,2020-04-14 21:05:00,2020-04-14 21:05:00
1140,6,2020-04-15 06:05:00,2020-04-15 06:05:00
1141,6,2020-04-15 06:15:00,2020-04-15 06:05:00
1142,6,2020-04-15 06:25:00,2020-04-15 06:20:00
1143,7,2020-04-15 06:35:00,2020-04-15 06:35:00
1144,8,2020-04-15 06:45:00,2020-04-15 06:35:00
1145,8,2020-04-15 06:55:00,2020-04-15 06:50:00
1146,11,2020-04-15 07:05:00,2020-04-15 07:05:00
1147,11,2020-04-15 07:15:00,2020-04-15 07:05:00
1148,11,2020-04-15 07:25:00,2020-04-15 07:20:00
1149,12,2020-04-15 07:35:00,2020-04-15 07:35:00
1150,15,2020-04-15 07:45:00,2020-04-15 07:35:00
1151,16,2020-04-15 07:55:00,2020-04-15 07:50:00
1152,16,2020-04-15 08:05:00,2020-04-15 08:05:00
1153,15,2020-04-15 08:16:00,2020-04-15 08:05:00
1154,16,2020-04-15 08:26:00,2020-04-15 08:20:00
1155,18,2020-04-15 08:36:00,2020-04-15 08:35:00
1156,18,2020-04-15 08:46:00,2020-04-15 08:35:00
1157,21,2020-04-15 08:56:00,2020-04-15 08:50:00
1158,20,2020-04-15 09:06:00,2020-04-15 09:05:00
1159,18,2020-04-15 09:16:00,2020-04-15 09:05:00
1160,19,2020-04-15 09:26:00,2020-04-15 09:20:00
1161,19,2020-04-15 09:36:00,2020-04-15 09:35:00
1162,19,2020-04-15 09:46:00,2020-04-15 09:35:00
1163,21,2020-04-15 09:56:00,2020-04-15 09:50:00
1164,19,2020-04-15 10:06:00,2020-04-15 10:05:00
1165,18,2020-04-15 10:16:00,2020-04-15 10:05:00
1166,17,2020-04-15 10:26:00,2020-04-15 10:20:00
1167,18,2020-04-15 10:36:00,2020-04-15 10:35:00
1168,17,2020-04-15 10:46:00,2020-04-15 10:35:00
1169,19,2020-04-15 10:56:00,2020-04-15 10:50:00
1170,17,2020-04-15 11:06:00,2020-04-15 11:05:00
1171,16,2020-04-15 11:16:00,2020-04-15 11:05:00
1172,17,2020-04-15 11:26:00,2020-04-15 11:20:00
1173,19,2020-04-15 11:36:00,2020-04-15 11:35:00
1174,19,2020-04-15 11:46:00,2020-04-15 11:35:00
1175,23,2020-04-15 11:56:00,2020-04-15 11:50:00
1176,23,2020-04-15 12:06:00,2020-04-15 12:05:00
1177,21,2020-04-15 12:16:00,2020-04-15 12:05:00
1178,22,2020-04-15 12:26:00,2020-04-15 12:20:00
1179,23,2020-04-15 12:36:00,2020-04-15 12:35:00
1180,23,2020-04-15 12:46:00,2020-04-15 12:35:00
1181,28,2020-04-15 12:56:00,2020-04-15 12:50:00
1182,27,2020-04-15 13:07:00,2020-04-15 13:05:00
1183,25,2020-04-15 13:17:00,2020-04-15 13:05:00
1184,26,2020-04-15 13:27:00,2020-04-15 13:20:00
1185,29,2020-04-15 13:37:00,2020-04-15 13:35:00
1186,29,2020-04-15 13:47:00,2020-04-15 13:35:00
1187,35,2020-04-15 13:57:00,2020-04-15 13:50:00
1188,33,2020-04-15 14:07:00,2020-04-15 14:05:00
1189,31,2020-04-15 14:17:00,2020-04-15 14:05:00
1190,32,2020-04-15 14:27:00,2020-04-15 14:20:00
1191,30,2020-04-15 14:37:00,2020-04-15 14:35:00
1192,34,2020-04-15 14:47:00,2020-04-15 14:35:00
1193,38,2020-04-15 14:57:00,2020-04-15 14:50:00
1194,34,2020-04-15 15:07:00,2020-04-15 15:05:00
1195,32,2020-04-15 15:17:00,2020-04-15 15:05:00
1196,32,2020-04-15 15:27:00,2020-04-15 15:20:00
1197,30,2020-04-15 15:37:00,2020-04-15 15:35:00
1198,35,2020-04-15 15:47:00,2020-04-15 15:35:00
1199,41,2020-04-15 15:57:00,2020-04-15 15:50:00
1200,36,2020-04-15 16:07:00,2020-04-15 16:05:00
1201,34,2020-04-15 16:17:00,2020-04-15 16:05:00
1202,34,2020-04-15 16:27:00,2020-04-15 16:20:00
1203,33,2020-04-15 16:37:00,2020-04-15 16:35:00
1204,38,2020-04-15 16:47:00,2020-04-15 16:35:00
1205,44,2020-04-15 16:57:00,2020-04-15 16:50:00
1206,39,2020-04-15 17:07:00,2020-04-15 17:05:00
1207,36,2020-04-15 17:18:00,2020-04-15 17:05:00
1208,36,2020-04-15 17:28:00,2020-04-15 17:20:00
1209,34,2020-04-15 17:38:00,2020-04-15 17:35:00
1210,40,2020-04-15 17:48:00,2020-04-15 17:35:00
1211,45,2020-04-15 17:58:00,2020-04-15 17:50:00
1212,41,2020-04-15 18:08:00,2020-04-15 18:05:00
1213,38,2020-04-15 18:18:00,2020-04-15 18:05:00
1214,38,2020-04-15 18:28:00,2020-04-15 18:20:00
1215,36,2020-04-15 18:38:00,2020-04-15 18:35:00
1216,40,2020-04-15 18:48:00,2020-04-15 18:35:00
1217,47,2020-04-15 18:58:00,2020-04-15 18:50:00
1218,43,2020-04-15 19:08:00,2020-04-15 19:05:00
1219,39,2020-04-15 19:18:00,2020-04-15 19:05:00
1220,36,2020-04-15 19:28:00,2020-04-15 19:20:00
1221,33,2020-04-15 19:38:00,2020-04-15 19:35:00
1222,33,2020-04-15 19:48:00,2020-04-15 19:35:00
1223,30,2020-04-15 19:58:00,2020-04-15 19:50:00
1224,30,2020-04-15 20:08:00,2020-04-15 20:05:00
1225,27,2020-04-15 20:18:00,2020-04-15 20:05:00
1226,23,2020-04-15 20:28:00,2020-04-15 20:20:00
1227,22,2020-04-15 20:38:00,2020-04-15 20:35:00
1228,21,2020-04-15 20:48:00,2020-04-15 20:35:00
1229,18,2020-04-15 20:58:00,2020-04-15 20:50:00
1230,18,2020-04-15 21:08:00,2020-04-15 21:05:00
1231,5,2020-04-16 06:08:00,2020-04-16 06:05:00
1232,5,2020-04-16 06:18:00,2020-04-16 06:05:00
1233,6,2020-04-16 06:29:00,2020-04-16 06:20:00
1234,7,2020-04-16 06:39:00,2020-04-16 06:35:00
1235,8,2020-04-16 06:49:00,2020-04-16 06:35:00
1236,10,2020-04-16 06:59:00,2020-04-16 06:50:00
1237,11,2020-04-16 07:09:00,2020-04-16 07:05:00
1238,11,2020-04-16 07:19:00,2020-04-16 07:05:00
1239,12,2020-04-16 07:29:00,2020-04-16 07:20:00
1240,14,2020-04-16 07:39:00,2020-04-16 07:35:00
1241,14,2020-04-16 07:49:00,2020-04-16 07:35:00
1242,17,2020-04-16 07:59:00,2020-04-16 07:50:00
1243,17,2020-04-16 08:09:00,2020-04-16 08:05:00
1244,16,2020-04-16 08:19:00,2020-04-16 08:05:00
1245,16,2020-04-16 08:29:00,2020-04-16 08:20:00
1246,19,2020-04-16 08:39:00,2020-04-16 08:35:00
1247,19,2020-04-16 08:49:00,2020-04-16 08:35:00
1248,23,2020-04-16 08:59:00,2020-04-16 08:50:00
1249,21,2020-04-16 09:09:00,2020-04-16 09:05:00
1250,19,2020-04-16 09:19:00,2020-04-16 09:05:00
1251,19,2020-04-16 09:29:00,2020-04-16 09:20:00
1252,19,2020-04-16 09:39:00,2020-04-16 09:35:00
1253,22,2020-04-16 09:49:00,2020-04-16 09:35:00
1254,25,2020-04-16 09:59:00,2020-04-16 09:50:00
1255,21,2020-04-16 10:09:00,2020-04-16 10:05:00
1256,20,2020-04-16 10:19:00,2020-04-16 10:05:00
1257,20,2020-04-16 10:29:00,2020-04-16 10:20:00
1258,20,2020-04-16 10:39:00,2020-04-16 10:35:00
1259,22,2020-04-16 10:49:00,2020-04-16 10:35:00
1260,25,2020-04-16 10:59:00,2020-04-16 10:50:00
1261,22,2020-04-16 11:09:00,2020-04-16 11:05:00
1262,21,2020-04-16 11:19:00,2020-04-16 11:05:00
1263,22,2020-04-16 11:29:00,2020-04-16 11:20:00
1264,21,2020-04-16 11:40:00,2020-04-16 11:35:00
1265,23,2020-04-16 11:50:00,2020-04-16 11:50:00
1266,28,2020-04-16 12:00:00,2020-04-16 11:50:00
1267,26,2020-04-16 12:10:00,2020-04-16 12:05:00
1268,24,2020-04-16 12:20:00,2020-04-16 12:20:00
1269,26,2020-04-16 12:30:00,2020-04-16 12:20:00
1270,25,2020-04-16 12:40:00,2020-04-16 12:35:00
1271,27,2020-04-16 12:50:00,2020-04-16 12:50:00
1272,31,2020-04-16 13:00:00,2020-04-16 12:50:00
1273,28,2020-04-16 13:10:00,2020-04-16 13:05:00
1274,26,2020-04-16 13:20:00,2020-04-16 13:20:00
1275,27,2020-04-16 13:30:00,2020-04-16 13:20:00
1276,25,2020-04-16 13:40:00,2020-04-16 13:35:00
1277,27,2020-04-16 13:50:00,2020-04-16 13:50:00
1278,32,2020-04-16 14:00:00,2020-04-16 13:50:00
1279,29,2020-04-16 14:10:00,2020-04-16 14:05:00
1280,28,2020-04-16 14:20:00,2020-04-16 14:20:00
1281,26,2020-04-16 14:30:00,2020-04-16 14:20:00
1282,27,2020-04-16 14:40:00,2020-04-16 14:35:00
1283,31,2020-04-16 14:50:00,2020-04-16 14:50:00
1284,29,2020-04-16 15:00:00,2020-04-16 14:50:00
1285,27,2020-04-16 15:10:00,2020-04-16 15:05:00
1286,26,2020-04-16 15:20:00,2020-04-16 15:20:00
1287,25,2020-04-16 15:31:00,2020-04-16 15:20:00
1288,28,2020-04-16 15:41:00,2020-04-16 15:35:00
1289,31,2020-04-16 15:51:00,2020-04-16 15:50:00
1290,29,2020-04-16 16:01:00,2020-04-16 15:50:00
1291,27,2020-04-16 16:11:00,2020-04-16 16:05:00
1292,26,2020-04-16 16:21:00,2020-04-16 16:20:00
1293,24,2020-04-16 16:31:00,2020-04-16 16:20:00
1294,26,2020-04-16 16:41:00,2020-04-16 16:35:00
1295,29,2020-04-16 16:51:00,2020-04-16 16:50:00
1296,28,2020-04-16 17:01:00,2020-04-16 16:50:00
1297,25,2020-04-16 17:11:00,2020-04-16 17:05:00
1298,25,2020-04-16 17:21:00,2020-04-16 17:20:00
1299,23,2020-04-16 17:31:00,2020-04-16 17:20:00
1300,25,2020-04-16 17:41:00,2020-04-16 17:35:00
1301,30,2020-04-16 17:51:00,2020-04-16 17:50:00
1302,29,2020-04-16 18:01:00,2020-04-16 17:50:00
1303,27,2020-04-16 18:11:00,2020-04-16 18:05:00
1304,27,2020-04-16 18:21:00,2020-04-16 18:20:00
1305,25,2020-04-16 18:31:00,2020-04-16 18:20:00
1306,28,2020-04-16 18:41:00,2020-04-16 18:35:00
1307,33,2020-04-16 18:51:00,2020-04-16 18:50:00
1308,33,2020-04-16 19:01:00,2020-04-16 18:50:00
1309,29,2020-04-16 19:12:00,2020-04-16 19:05:00
1310,27,2020-04-16 19:22:00,2020-04-16 19:20:00
1311,24,2020-04-16 19:32:00,2020-04-16 19:20:00
1312,25,2020-04-16 19:42:00,2020-04-16 19:35:00
1313,24,2020-04-16 19:52:00,2020-04-16 19:50:00
1314,23,2020-04-16 20:02:00,2020-04-16 19:50:00
1315,20,2020-04-16 20:12:00,2020-04-16 20:05:00
1316,18,2020-04-16 20:22:00,2020-04-16 20:20:00
1317,16,2020-04-16 20:32:00,2020-04-16 20:20:00
1318,15,2020-04-16 20:42:00,2020-04-16 20:35:00
1319,14,2020-04-16 20:52:00,2020-04-16 20:50:00
1320,13,2020-04-16 21:02:00,2020-04-16 20:50:00
1321,23,2020-04-17 10:05:00,2020-04-17 10:05:00
1322,21,2020-04-17 10:16:00,2020-04-17 10:05:00
1323,20,2020-04-17 10:26:00,2020-04-17 10:20:00
1324,20,2020-04-17 10:36:00,2020-04-17 10:35:00
1325,23,2020-04-17 10:46:00,2020-04-17 10:35:00
1326,22,2020-04-17 10:56:00,2020-04-17 10:50:00
1327,26,2020-04-17 11:06:00,2020-04-17 11:05:00
1328,24,2020-04-17 11:16:00,2020-04-17 11:05:00
1329,24,2020-04-17 11:26:00,2020-04-17 11:20:00
1330,25,2020-04-17 11:36:00,2020-04-17 11:35:00
1331,25,2020-04-17 11:46:00,2020-04-17 11:35:00
1332,29,2020-04-17 11:56:00,2020-04-17 11:50:00
1333,29,2020-04-17 12:06:00,2020-04-17 12:05:00
1334,27,2020-04-17 12:16:00,2020-04-17 12:05:00
1335,28,2020-04-17 12:26:00,2020-04-17 12:20:00
1336,31,2020-04-17 12:36:00,2020-04-17 12:35:00
1337,31,2020-04-17 12:46:00,2020-04-17 12:35:00
1338,36,2020-04-17 12:56:00,2020-04-17 12:50:00
1339,34,2020-04-17 13:06:00,2020-04-17 13:05:00
1340,31,2020-04-17 13:16:00,2020-04-17 13:05:00
1341,31,2020-04-17 13:26:00,2020-04-17 13:20:00
1342,33,2020-04-17 13:36:00,2020-04-17 13:35:00
1343,33,2020-04-17 13:46:00,2020-04-17 13:35:00
1344,36,2020-04-17 13:56:00,2020-04-17 13:50:00
1345,33,2020-04-17 14:07:00,2020-04-17 14:05:00
1346,30,2020-04-17 14:17:00,2020-04-17 14:05:00
1347,30,2020-04-17 14:27:00,2020-04-17 14:20:00
1348,32,2020-04-17 14:37:00,2020-04-17 14:35:00
1349,32,2020-04-17 14:47:00,2020-04-17 14:35:00
1350,37,2020-04-17 14:57:00,2020-04-17 14:50:00
1351,33,2020-04-17 15:07:00,2020-04-17 15:05:00
1352,30,2020-04-17 15:17:00,2020-04-17 15:05:00
1353,31,2020-04-17 15:27:00,2020-04-17 15:20:00
1354,33,2020-04-17 15:37:00,2020-04-17 15:35:00
1355,33,2020-04-17 15:47:00,2020-04-17 15:35:00
1356,37,2020-04-17 15:57:00,2020-04-17 15:50:00
1357,33,2020-04-17 16:07:00,2020-04-17 16:05:00
1358,30,2020-04-17 16:17:00,2020-04-17 16:05:00
1359,29,2020-04-17 16:27:00,2020-04-17 16:20:00
1360,31,2020-04-17 16:37:00,2020-04-17 16:35:00
1361,30,2020-04-17 16:47:00,2020-04-17 16:35:00
1362,35,2020-04-17 16:57:00,2020-04-17 16:50:00
1363,31,2020-04-17 17:07:00,2020-04-17 17:05:00
1364,28,2020-04-17 17:17:00,2020-04-17 17:05:00
1365,28,2020-04-17 17:27:00,2020-04-17 17:20:00
1366,29,2020-04-17 17:37:00,2020-04-17 17:35:00
1367,27,2020-04-17 17:47:00,2020-04-17 17:35:00
1368,29,2020-04-17 17:57:00,2020-04-17 17:50:00
1369,26,2020-04-17 18:08:00,2020-04-17 18:05:00
1370,24,2020-04-17 18:18:00,2020-04-17 18:05:00
1371,23,2020-04-17 18:28:00,2020-04-17 18:20:00
1372,21,2020-04-17 18:38:00,2020-04-17 18:35:00
1373,23,2020-04-17 18:48:00,2020-04-17 18:35:00
1374,25,2020-04-17 18:58:00,2020-04-17 18:50:00
1375,22,2020-04-17 19:08:00,2020-04-17 19:05:00
1376,20,2020-04-17 19:18:00,2020-04-17 19:05:00
1377,19,2020-04-17 19:28:00,2020-04-17 19:20:00
1378,17,2020-04-17 19:38:00,2020-04-17 19:35:00
1379,18,2020-04-17 19:48:00,2020-04-17 19:35:00
1380,18,2020-04-17 19:58:00,2020-04-17 19:50:00
1381,16,2020-04-17 20:08:00,2020-04-17 20:05:00
1382,15,2020-04-17 20:18:00,2020-04-17 20:05:00
1383,14,2020-04-17 20:28:00,2020-04-17 20:20:00
1384,12,2020-04-17 20:38:00,2020-04-17 20:35:00
1385,12,2020-04-17 20:48:00,2020-04-17 20:35:00
1386,12,2020-04-17 20:58:00,2020-04-17 20:50:00
1387,11,2020-04-17 21:08:00,2020-04-17 21:05:00
1388,5,2020-04-18 06:08:00,2020-04-18 06:05:00
1389,5,2020-04-18 06:18:00,2020-04-18 06:05:00
1390,5,2020-04-18 06:28:00,2020-04-18 06:20:00
1391,5,2020-04-18 06:38:00,2020-04-18 06:35:00
1392,6,2020-04-18 06:49:00,2020-04-18 06:35:00
1393,8,2020-04-18 06:59:00,2020-04-18 06:50:00
1394,10,2020-04-18 07:09:00,2020-04-18 07:05:00
1395,10,2020-04-18 07:19:00,2020-04-18 07:05:00
1396,11,2020-04-18 07:29:00,2020-04-18 07:20:00
1397,12,2020-04-18 07:39:00,2020-04-18 07:35:00
1398,14,2020-04-18 07:49:00,2020-04-18 07:35:00
1399,16,2020-04-18 07:59:00,2020-04-18 07:50:00
1400,17,2020-04-18 08:09:00,2020-04-18 08:05:00
1401,18,2020-04-18 08:19:00,2020-04-18 08:05:00
1402,17,2020-04-18 08:29:00,2020-04-18 08:20:00
1403,19,2020-04-18 08:39:00,2020-04-18 08:35:00
1404,23,2020-04-18 08:49:00,2020-04-18 08:35:00
1405,27,2020-04-18 08:59:00,2020-04-18 08:50:00
1406,25,2020-04-18 09:09:00,2020-04-18 09:05:00
1407,24,2020-04-18 09:19:00,2020-04-18 09:05:00
1408,23,2020-04-18 09:29:00,2020-04-18 09:20:00
1409,25,2020-04-18 09:39:00,2020-04-18 09:35:00
1410,26,2020-04-18 09:49:00,2020-04-18 09:35:00
1411,26,2020-04-18 09:59:00,2020-04-18 09:50:00
1412,22,2020-04-18 10:09:00,2020-04-18 10:05:00
1413,21,2020-04-18 10:19:00,2020-04-18 10:05:00
1414,20,2020-04-18 10:29:00,2020-04-18 10:20:00
1415,21,2020-04-18 10:39:00,2020-04-18 10:35:00
1416,22,2020-04-18 10:49:00,2020-04-18 10:35:00
1417,22,2020-04-18 10:59:00,2020-04-18 10:50:00
1418,19,2020-04-18 11:09:00,2020-04-18 11:05:00
1419,19,2020-04-18 11:19:00,2020-04-18 11:05:00
1420,18,2020-04-18 11:29:00,2020-04-18 11:20:00
1421,19,2020-04-18 11:39:00,2020-04-18 11:35:00
1422,22,2020-04-18 11:50:00,2020-04-18 11:50:00
1423,24,2020-04-18 12:00:00,2020-04-18 11:50:00
1424,22,2020-04-18 12:10:00,2020-04-18 12:05:00
1425,22,2020-04-18 12:20:00,2020-04-18 12:20:00
1426,20,2020-04-18 12:30:00,2020-04-18 12:20:00
1427,22,2020-04-18 12:40:00,2020-04-18 12:35:00
1428,22,2020-04-18 12:50:00,2020-04-18 12:50:00
1429,27,2020-04-18 13:00:00,2020-04-18 12:50:00
1430,25,2020-04-18 13:10:00,2020-04-18 13:05:00
1431,25,2020-04-18 13:20:00,2020-04-18 13:20:00
1432,24,2020-04-18 13:30:00,2020-04-18 13:20:00
1433,27,2020-04-18 13:40:00,2020-04-18 13:35:00
1434,31,2020-04-18 13:50:00,2020-04-18 13:50:00
1435,29,2020-04-18 14:00:00,2020-04-18 13:50:00
1436,27,2020-04-18 14:10:00,2020-04-18 14:05:00
1437,26,2020-04-18 14:20:00,2020-04-18 14:20:00
1438,27,2020-04-18 14:30:00,2020-04-18 14:20:00
1439,30,2020-04-18 14:40:00,2020-04-18 14:35:00
1440,30,2020-04-18 14:50:00,2020-04-18 14:50:00
1441,32,2020-04-18 15:00:00,2020-04-18 14:50:00
1442,29,2020-04-18 15:10:00,2020-04-18 15:05:00
1443,27,2020-04-18 15:20:00,2020-04-18 15:20:00
1444,28,2020-04-18 15:30:00,2020-04-18 15:20:00
1445,29,2020-04-18 15:40:00,2020-04-18 15:35:00
1446,28,2020-04-18 15:50:00,2020-04-18 15:50:00
1447,29,2020-04-18 16:00:00,2020-04-18 15:50:00
1448,26,2020-04-18 16:10:00,2020-04-18 16:05:00
1449,23,2020-04-18 16:21:00,2020-04-18 16:20:00
1450,23,2020-04-18 16:31:00,2020-04-18 16:20:00
1451,25,2020-04-18 16:41:00,2020-04-18 16:35:00
1452,24,2020-04-18 16:51:00,2020-04-18 16:50:00
1453,29,2020-04-18 17:01:00,2020-04-18 16:50:00
1454,26,2020-04-18 17:11:00,2020-04-18 17:05:00
1455,23,2020-04-18 17:21:00,2020-04-18 17:20:00
1456,22,2020-04-18 17:31:00,2020-04-18 17:20:00
1457,23,2020-04-18 17:41:00,2020-04-18 17:35:00
1458,21,2020-04-18 17:51:00,2020-04-18 17:50:00
1459,25,2020-04-18 18:01:00,2020-04-18 17:50:00
1460,22,2020-04-18 18:11:00,2020-04-18 18:05:00
1461,20,2020-04-18 18:21:00,2020-04-18 18:20:00
1462,18,2020-04-18 18:31:00,2020-04-18 18:20:00
1463,16,2020-04-18 18:41:00,2020-04-18 18:35:00
1464,17,2020-04-18 18:51:00,2020-04-18 18:50:00
1465,21,2020-04-18 19:01:00,2020-04-18 18:50:00
1466,18,2020-04-18 19:11:00,2020-04-18 19:05:00
1467,16,2020-04-18 19:21:00,2020-04-18 19:20:00
1468,15,2020-04-18 19:31:00,2020-04-18 19:20:00
1469,13,2020-04-18 19:41:00,2020-04-18 19:35:00
1470,14,2020-04-18 19:51:00,2020-04-18 19:50:00
1471,16,2020-04-18 20:01:00,2020-04-18 19:50:00
1472,14,2020-04-18 20:11:00,2020-04-18 20:05:00
1473,13,2020-04-18 20:22:00,2020-04-18 20:20:00
1474,12,2020-04-18 20:32:00,2020-04-18 20:20:00
1475,11,2020-04-18 20:42:00,2020-04-18 20:35:00
1476,11,2020-04-18 20:52:00,2020-04-18 20:50:00
1477,12,2020-04-18 21:02:00,2020-04-18 20:50:00
1478,4,2020-04-19 06:02:00,2020-04-19 05:50:00
1479,5,2020-04-19 06:12:00,2020-04-19 06:05:00
1480,5,2020-04-19 06:22:00,2020-04-19 06:20:00
1481,5,2020-04-19 06:32:00,2020-04-19 06:20:00
1482,5,2020-04-19 06:42:00,2020-04-19 06:35:00
1483,7,2020-04-19 06:52:00,2020-04-19 06:50:00
1484,8,2020-04-19 07:02:00,2020-04-19 06:50:00
1485,8,2020-04-19 07:12:00,2020-04-19 07:05:00
1486,8,2020-04-19 07:22:00,2020-04-19 07:20:00
1487,9,2020-04-19 07:32:00,2020-04-19 07:20:00
1488,10,2020-04-19 07:42:00,2020-04-19 07:35:00
1489,11,2020-04-19 07:52:00,2020-04-19 07:50:00
1490,15,2020-04-19 08:02:00,2020-04-19 07:50:00
1491,14,2020-04-19 08:12:00,2020-04-19 08:05:00
1492,14,2020-04-19 08:22:00,2020-04-19 08:20:00
1493,14,2020-04-19 08:32:00,2020-04-19 08:20:00
1494,17,2020-04-19 08:42:00,2020-04-19 08:35:00
1495,17,2020-04-19 08:52:00,2020-04-19 08:50:00
1496,23,2020-04-19 09:02:00,2020-04-19 08:50:00
1497,22,2020-04-19 09:12:00,2020-04-19 09:05:00
1498,21,2020-04-19 09:22:00,2020-04-19 09:20:00
1499,23,2020-04-19 09:32:00,2020-04-19 09:20:00
1500,26,2020-04-19 09:42:00,2020-04-19 09:35:00
1501,27,2020-04-19 09:52:00,2020-04-19 09:50:00
1502,33,2020-04-19 10:02:00,2020-04-19 09:50:00
1503,31,2020-04-19 10:12:00,2020-04-19 10:05:00
1504,29,2020-04-19 10:22:00,2020-04-19 10:20:00
1505,30,2020-04-19 10:32:00,2020-04-19 10:20:00
1506,34,2020-04-19 10:42:00,2020-04-19 10:35:00
1507,33,2020-04-19 10:52:00,2020-04-19 10:50:00
1508,40,2020-04-19 11:03:00,2020-04-19 10:50:00
1509,39,2020-04-19 11:13:00,2020-04-19 11:05:00
1510,37,2020-04-19 11:23:00,2020-04-19 11:20:00
1511,41,2020-04-19 11:33:00,2020-04-19 11:20:00
1512,40,2020-04-19 11:43:00,2020-04-19 11:35:00
1513,47,2020-04-19 11:53:00,2020-04-19 11:50:00
1514,55,2020-04-19 12:03:00,2020-04-19 11:50:00
1515,51,2020-04-19 12:13:00,2020-04-19 12:05:00
1516,51,2020-04-19 12:23:00,2020-04-19 12:20:00
1517,56,2020-04-19 12:33:00,2020-04-19 12:20:00
1518,55,2020-04-19 12:43:00,2020-04-19 12:35:00
1519,64,2020-04-19 12:53:00,2020-04-19 12:50:00
1520,73,2020-04-19 13:03:00,2020-04-19 12:50:00
1521,67,2020-04-19 13:13:00,2020-04-19 13:05:00
1522,66,2020-04-19 13:23:00,2020-04-19 13:20:00
1523,71,2020-04-19 13:33:00,2020-04-19 13:20:00
1524,70,2020-04-19 13:43:00,2020-04-19 13:35:00
1525,82,2020-04-19 13:53:00,2020-04-19 13:50:00
1526,77,2020-04-19 14:03:00,2020-04-19 13:50:00
1527,72,2020-04-19 14:13:00,2020-04-19 14:05:00
1528,73,2020-04-19 14:23:00,2020-04-19 14:20:00
1529,80,2020-04-19 14:33:00,2020-04-19 14:20:00
1530,81,2020-04-19 14:43:00,2020-04-19 14:35:00
1531,100,2020-04-19 14:53:00,2020-04-19 14:50:00
1532,93,2020-04-19 15:03:00,2020-04-19 14:50:00
1533,87,2020-04-19 15:13:00,2020-04-19 15:05:00
1534,90,2020-04-19 15:23:00,2020-04-19 15:20:00
1535,99,2020-04-19 15:33:00,2020-04-19 15:20:00
1536,100,2020-04-19 15:44:00,2020-04-19 15:35:00
1537,118,2020-04-19 15:54:00,2020-04-19 15:50:00
1538,111,2020-04-19 16:04:00,2020-04-19 15:50:00
1539,103,2020-04-19 16:14:00,2020-04-19 16:05:00
1540,104,2020-04-19 16:24:00,2020-04-19 16:20:00
1541,111,2020-04-19 16:34:00,2020-04-19 16:20:00
1542,109,2020-04-19 16:44:00,2020-04-19 16:35:00
1543,123,2020-04-19 16:54:00,2020-04-19 16:50:00
1544,115,2020-04-19 17:04:00,2020-04-19 16:50:00
1545,104,2020-04-19 17:14:00,2020-04-19 17:05:00
1546,99,2020-04-19 17:24:00,2020-04-19 17:20:00
1547,90,2020-04-19 17:34:00,2020-04-19 17:20:00
1548,89,2020-04-19 17:44:00,2020-04-19 17:35:00
1549,91,2020-04-19 17:54:00,2020-04-19 17:50:00
1550,84,2020-04-19 18:04:00,2020-04-19 17:50:00
1551,74,2020-04-19 18:14:00,2020-04-19 18:05:00
1552,68,2020-04-19 18:24:00,2020-04-19 18:20:00
1553,60,2020-04-19 18:34:00,2020-04-19 18:20:00
1554,59,2020-04-19 18:44:00,2020-04-19 18:35:00
1555,58,2020-04-19 18:54:00,2020-04-19 18:50:00
1556,54,2020-04-19 19:04:00,2020-04-19 18:50:00
1557,48,2020-04-19 19:14:00,2020-04-19 19:05:00
1558,43,2020-04-19 19:25:00,2020-04-19 19:20:00
1559,37,2020-04-19 19:35:00,2020-04-19 19:35:00
1560,34,2020-04-19 19:45:00,2020-04-19 19:35:00
1561,32,2020-04-19 19:55:00,2020-04-19 19:50:00
1562,30,2020-04-19 20:05:00,2020-04-19 20:05:00
1563,26,2020-04-19 20:15:00,2020-04-19 20:05:00
1564,24,2020-04-19 20:25:00,2020-04-19 20:20:00
1565,20,2020-04-19 20:35:00,2020-04-19 20:35:00
1566,19,2020-04-19 20:45:00,2020-04-19 20:35:00
1567,18,2020-04-19 20:55:00,2020-04-19 20:50:00
1568,18,2020-04-19 21:05:00,2020-04-19 21:05:00
1569,4,2020-04-20 06:08:00,2020-04-20 06:05:00
1570,4,2020-04-20 06:18:00,2020-04-20 06:05:00
1571,5,2020-04-20 06:28:00,2020-04-20 06:20:00
1572,6,2020-04-20 06:38:00,2020-04-20 06:35:00
1573,6,2020-04-20 06:48:00,2020-04-20 06:35:00
1574,8,2020-04-20 06:58:00,2020-04-20 06:50:00
1575,9,2020-04-20 07:08:00,2020-04-20 07:05:00
1576,9,2020-04-20 07:18:00,2020-04-20 07:05:00
1577,10,2020-04-20 07:28:00,2020-04-20 07:20:00
1578,12,2020-04-20 07:38:00,2020-04-20 07:35:00
1579,13,2020-04-20 07:48:00,2020-04-20 07:35:00
1580,17,2020-04-20 07:58:00,2020-04-20 07:50:00
1581,16,2020-04-20 08:08:00,2020-04-20 08:05:00
1582,15,2020-04-20 08:18:00,2020-04-20 08:05:00
1583,16,2020-04-20 08:28:00,2020-04-20 08:20:00
1584,16,2020-04-20 08:38:00,2020-04-20 08:35:00
1585,18,2020-04-20 08:49:00,2020-04-20 08:35:00
1586,22,2020-04-20 08:59:00,2020-04-20 08:50:00
1587,20,2020-04-20 09:09:00,2020-04-20 09:05:00
1588,19,2020-04-20 09:19:00,2020-04-20 09:05:00
1589,19,2020-04-20 09:29:00,2020-04-20 09:20:00
1590,19,2020-04-20 09:39:00,2020-04-20 09:35:00
1591,20,2020-04-20 09:49:00,2020-04-20 09:35:00
1592,21,2020-04-20 09:59:00,2020-04-20 09:50:00
1593,19,2020-04-20 10:09:00,2020-04-20 10:05:00
1594,18,2020-04-20 10:19:00,2020-04-20 10:05:00
1595,18,2020-04-20 10:29:00,2020-04-20 10:20:00
1596,17,2020-04-20 10:39:00,2020-04-20 10:35:00
1597,19,2020-04-20 10:49:00,2020-04-20 10:35:00
1598,21,2020-04-20 10:59:00,2020-04-20 10:50:00
1599,19,2020-04-20 11:09:00,2020-04-20 11:05:00
1600,18,2020-04-20 11:19:00,2020-04-20 11:05:00
1601,18,2020-04-20 11:29:00,2020-04-20 11:20:00
1602,17,2020-04-20 11:39:00,2020-04-20 11:35:00
1603,19,2020-04-20 11:49:00,2020-04-20 11:35:00
1604,22,2020-04-20 11:59:00,2020-04-20 11:50:00
1605,21,2020-04-20 12:09:00,2020-04-20 12:05:00
1606,20,2020-04-20 12:19:00,2020-04-20 12:05:00
1607,21,2020-04-20 12:29:00,2020-04-20 12:20:00
1608,20,2020-04-20 12:39:00,2020-04-20 12:35:00
1609,22,2020-04-20 12:49:00,2020-04-20 12:35:00
1610,26,2020-04-20 12:59:00,2020-04-20 12:50:00
1611,25,2020-04-20 13:09:00,2020-04-20 13:05:00
1612,24,2020-04-20 13:19:00,2020-04-20 13:05:00
1613,24,2020-04-20 13:29:00,2020-04-20 13:20:00
1614,23,2020-04-20 13:40:00,2020-04-20 13:35:00
1615,27,2020-04-20 13:50:00,2020-04-20 13:50:00
1616,31,2020-04-20 14:00:00,2020-04-20 13:50:00
1617,28,2020-04-20 14:10:00,2020-04-20 14:05:00
1618,27,2020-04-20 14:20:00,2020-04-20 14:20:00
1619,28,2020-04-20 14:30:00,2020-04-20 14:20:00
1620,27,2020-04-20 14:40:00,2020-04-20 14:35:00
1621,30,2020-04-20 14:50:00,2020-04-20 14:50:00
1622,28,2020-04-20 15:00:00,2020-04-20 14:50:00
1623,30,2020-04-20 15:10:00,2020-04-20 15:05:00
1624,28,2020-04-20 15:20:00,2020-04-20 15:20:00
1625,26,2020-04-20 15:30:00,2020-04-20 15:20:00
1626,29,2020-04-20 15:40:00,2020-04-20 15:35:00
1627,34,2020-04-20 15:50:00,2020-04-20 15:50:00
1628,31,2020-04-20 16:00:00,2020-04-20 15:50:00
1629,28,2020-04-20 16:10:00,2020-04-20 16:05:00
1630,27,2020-04-20 16:20:00,2020-04-20 16:20:00
1631,26,2020-04-20 16:30:00,2020-04-20 16:20:00
1632,30,2020-04-20 16:40:00,2020-04-20 16:35:00
1633,36,2020-04-20 16:50:00,2020-04-20 16:50:00
1634,35,2020-04-20 17:00:00,2020-04-20 16:50:00
1635,32,2020-04-20 17:10:00,2020-04-20 17:05:00
1636,31,2020-04-20 17:20:00,2020-04-20 17:20:00
1637,29,2020-04-20 17:30:00,2020-04-20 17:20:00
1638,31,2020-04-20 17:41:00,2020-04-20 17:35:00
1639,37,2020-04-20 17:51:00,2020-04-20 17:50:00
1640,37,2020-04-20 18:01:00,2020-04-20 17:50:00
1641,33,2020-04-20 18:11:00,2020-04-20 18:05:00
1642,32,2020-04-20 18:21:00,2020-04-20 18:20:00
1643,30,2020-04-20 18:31:00,2020-04-20 18:20:00
1644,33,2020-04-20 18:41:00,2020-04-20 18:35:00
1645,37,2020-04-20 18:51:00,2020-04-20 18:50:00
1646,38,2020-04-20 19:01:00,2020-04-20 18:50:00
1647,35,2020-04-20 19:11:00,2020-04-20 19:05:00
1648,34,2020-04-20 19:21:00,2020-04-20 19:20:00
1649,32,2020-04-20 19:31:00,2020-04-20 19:20:00
1650,35,2020-04-20 19:41:00,2020-04-20 19:35:00
1651,34,2020-04-20 19:51:00,2020-04-20 19:50:00
1652,40,2020-04-20 20:01:00,2020-04-20 19:50:00
1653,35,2020-04-20 20:11:00,2020-04-20 20:05:00
1654,31,2020-04-20 20:21:00,2020-04-20 20:20:00
1655,29,2020-04-20 20:31:00,2020-04-20 20:20:00
1656,27,2020-04-20 20:41:00,2020-04-20 20:35:00
1657,24,2020-04-20 20:51:00,2020-04-20 20:50:00
1658,24,2020-04-20 21:01:00,2020-04-20 20:50:00
1659,6,2020-04-21 06:01:00,2020-04-21 05:50:00
1660,6,2020-04-21 06:11:00,2020-04-21 06:05:00
1661,6,2020-04-21 06:21:00,2020-04-21 06:20:00
1662,7,2020-04-21 06:31:00,2020-04-21 06:20:00
1663,9,2020-04-21 06:41:00,2020-04-21 06:35:00
1664,9,2020-04-21 06:51:00,2020-04-21 06:50:00
1665,12,2020-04-21 07:01:00,2020-04-21 06:50:00
1666,12,2020-04-21 07:11:00,2020-04-21 07:05:00
1667,11,2020-04-21 07:21:00,2020-04-21 07:20:00
1668,12,2020-04-21 07:32:00,2020-04-21 07:20:00
1669,14,2020-04-21 07:42:00,2020-04-21 07:35:00
1670,15,2020-04-21 07:52:00,2020-04-21 07:50:00
1671,19,2020-04-21 08:02:00,2020-04-21 07:50:00
1672,18,2020-04-21 08:12:00,2020-04-21 08:05:00
1673,17,2020-04-21 08:22:00,2020-04-21 08:20:00
1674,18,2020-04-21 08:32:00,2020-04-21 08:20:00
1675,20,2020-04-21 08:42:00,2020-04-21 08:35:00
1676,21,2020-04-21 08:52:00,2020-04-21 08:50:00
1677,22,2020-04-21 09:02:00,2020-04-21 08:50:00
1678,21,2020-04-21 09:12:00,2020-04-21 09:05:00
1679,19,2020-04-21 09:22:00,2020-04-21 09:20:00
1680,20,2020-04-21 09:32:00,2020-04-21 09:20:00
1681,22,2020-04-21 09:42:00,2020-04-21 09:35:00
1682,22,2020-04-21 09:52:00,2020-04-21 09:50:00
1683,24,2020-04-21 10:02:00,2020-04-21 09:50:00
1684,23,2020-04-21 10:12:00,2020-04-21 10:05:00
1685,21,2020-04-21 10:22:00,2020-04-21 10:20:00
1686,22,2020-04-21 10:32:00,2020-04-21 10:20:00
1687,25,2020-04-21 10:42:00,2020-04-21 10:35:00
1688,25,2020-04-21 10:52:00,2020-04-21 10:50:00
1689,28,2020-04-21 11:02:00,2020-04-21 10:50:00
1690,27,2020-04-21 11:12:00,2020-04-21 11:05:00
1691,25,2020-04-21 11:22:00,2020-04-21 11:20:00
1692,26,2020-04-21 11:32:00,2020-04-21 11:20:00
1693,29,2020-04-21 11:42:00,2020-04-21 11:35:00
1694,29,2020-04-21 11:52:00,2020-04-21 11:50:00
1695,32,2020-04-21 12:03:00,2020-04-21 11:50:00
1696,30,2020-04-21 12:13:00,2020-04-21 12:05:00
1697,27,2020-04-21 12:23:00,2020-04-21 12:20:00
1698,26,2020-04-21 12:33:00,2020-04-21 12:20:00
1699,24,2020-04-21 12:43:00,2020-04-21 12:35:00
1700,25,2020-04-21 12:53:00,2020-04-21 12:50:00
1701,25,2020-04-21 13:03:00,2020-04-21 12:50:00
1702,22,2020-04-21 13:13:00,2020-04-21 13:05:00
1703,20,2020-04-21 13:23:00,2020-04-21 13:20:00
1704,20,2020-04-21 13:33:00,2020-04-21 13:20:00
1705,18,2020-04-21 13:43:00,2020-04-21 13:35:00
1706,18,2020-04-21 13:53:00,2020-04-21 13:50:00
1707,19,2020-04-21 14:03:00,2020-04-21 13:50:00
1708,17,2020-04-21 14:13:00,2020-04-21 14:05:00
1709,16,2020-04-21 14:23:00,2020-04-21 14:20:00
1710,17,2020-04-21 14:33:00,2020-04-21 14:20:00
1711,16,2020-04-21 14:43:00,2020-04-21 14:35:00
1712,18,2020-04-21 14:53:00,2020-04-21 14:50:00
1713,16,2020-04-21 15:03:00,2020-04-21 14:50:00
1714,15,2020-04-21 15:13:00,2020-04-21 15:05:00
1715,15,2020-04-21 15:23:00,2020-04-21 15:20:00
1716,15,2020-04-21 15:33:00,2020-04-21 15:20:00
1717,15,2020-04-21 15:43:00,2020-04-21 15:35:00
1718,18,2020-04-21 15:53:00,2020-04-21 15:50:00
1719,17,2020-04-21 16:03:00,2020-04-21 15:50:00
1720,15,2020-04-21 16:14:00,2020-04-21 16:05:00
1721,15,2020-04-21 16:24:00,2020-04-21 16:20:00
1722,15,2020-04-21 16:34:00,2020-04-21 16:20:00
1723,14,2020-04-21 16:44:00,2020-04-21 16:35:00
1724,17,2020-04-21 16:54:00,2020-04-21 16:50:00
1725,15,2020-04-21 17:04:00,2020-04-21 16:50:00
1726,14,2020-04-21 17:14:00,2020-04-21 17:05:00
1727,15,2020-04-21 17:24:00,2020-04-21 17:20:00
1728,18,2020-04-21 17:34:00,2020-04-21 17:20:00
1729,19,2020-04-21 17:44:00,2020-04-21 17:35:00
1730,26,2020-04-21 17:54:00,2020-04-21 17:50:00
1731,25,2020-04-21 18:04:00,2020-04-21 17:50:00
1732,23,2020-04-21 18:14:00,2020-04-21 18:05:00
1733,24,2020-04-21 18:24:00,2020-04-21 18:20:00
1734,23,2020-04-21 18:34:00,2020-04-21 18:20:00
1735,26,2020-04-21 18:44:00,2020-04-21 18:35:00
1736,31,2020-04-21 18:54:00,2020-04-21 18:50:00
1737,29,2020-04-21 19:04:00,2020-04-21 18:50:00
1738,27,2020-04-21 19:14:00,2020-04-21 19:05:00
1739,27,2020-04-21 19:24:00,2020-04-21 19:20:00
1740,25,2020-04-21 19:34:00,2020-04-21 19:20:00
1741,28,2020-04-21 19:44:00,2020-04-21 19:35:00
1742,31,2020-04-21 19:54:00,2020-04-21 19:50:00
1743,29,2020-04-21 20:05:00,2020-04-21 20:05:00
1744,25,2020-04-21 20:15:00,2020-04-21 20:05:00
1745,23,2020-04-21 20:25:00,2020-04-21 20:20:00
1746,19,2020-04-21 20:35:00,2020-04-21 20:35:00
1747,18,2020-04-21 20:45:00,2020-04-21 20:35:00
1748,16,2020-04-21 20:55:00,2020-04-21 20:50:00
1749,16,2020-04-21 21:05:00,2020-04-21 21:05:00
