time_bin,label,Unnamed: 0,current_popularity,datetime,time,temp,humidity,rain_1h,wind_speed,wind_deg,press,source,day_name,hour
2020-04-08 18:20:00,1.0,579.0,43.0,2020-04-08 18:24:00,,62.03738780420438,61.67048531126524,3.8362969561243956e-08,20.810762015157724,346.0281088486492,1001.2496235571243,mt,Wednesday,18
2020-04-08 18:20:00,1.0,580.0,40.0,2020-04-08 18:34:00,,62.03738780420438,61.67048531126524,3.8362969561243956e-08,20.810762015157724,346.0281088486492,1001.2496235571243,mt,Wednesday,18
2020-04-07 18:20:00,1.0,488.0,42.0,2020-04-07 18:21:00,,61.70583710116543,35.36803111925265,-2.9548135531809098e-12,21.175483099616294,194.68917361353218,1011.4908803545503,mt,Tuesday,18
2020-04-07 18:20:00,1.0,489.0,44.0,2020-04-07 18:31:00,,61.70583710116543,35.36803111925265,-2.9548135531809098e-12,21.175483099616294,194.68917361353218,1011.4908803545503,mt,Tuesday,18
2020-04-05 16:50:00,1.0,298.0,55.0,2020-04-05 16:56:00,2020-04-05 17:00:00,53.06,80.0,0.0,7.6,130.0,1017.7,mt,Sunday,16
2020-04-09 06:50:00,0.0,,,,,,,,,,,mt,Thursday,6
2010-04-09 11:50:00,0.0,,,,,,,,,,,mt,Friday,11
2020-04-09 06:50:00,0.0,,,,,,,,,,,mt,Thursday,6
2020-04-05 19:50:00,0.0,316.0,22.0,2020-04-05 19:57:00,2020-04-05 20:00:00,55.94,75.0,0.0,16.6,130.0,1015.9,mt,Sunday,19
2020-03-29 10:50:00,1.0,,,,2020-03-29 11:00:00,44.96,100.0,0.0,16.6,40.0,1015.7,mt,Sunday,10
2020-04-07 08:20:00,1.0,428.0,18.0,2020-04-07 08:20:00,,51.88629881787993,34.49275841218049,3.631622776788397e-19,10.923975070395555,328.5297544069086,1015.1134480579581,mt,Tuesday,8
2020-04-07 08:20:00,1.0,429.0,18.0,2020-04-07 08:31:00,,51.88629881787993,34.49275841218049,3.631622776788397e-19,10.923975070395555,328.5297544069086,1015.1134480579581,mt,Tuesday,8
2020-04-06 17:50:00,1.0,395.0,64.0,2020-04-06 17:59:00,2020-04-06 18:00:00,60.08,35.0,0.0,5.4,230.0,1016.2,mt,Monday,17
2020-04-06 13:20:00,1.0,368.0,30.0,2020-04-06 13:28:00,,51.8215316951521,62.70655921725539,-0.00015045421668890822,16.568643300717934,361.120572008946,1018.1898340184268,mt,Monday,13
2020-04-09 18:20:00,1.0,670.0,25.0,2020-04-09 18:28:00,,53.640431293597686,92.6045035199822,0.07595503081785622,31.458579101547365,227.2354799089397,987.690805994904,mt,Thursday,18
2020-04-05 14:50:00,1.0,286.0,48.0,2020-04-05 14:56:00,2020-04-05 15:00:00,51.08,83.0,0.0,11.2,210.0,1018.5,mt,Sunday,14
2020-04-11 16:20:00,1.0,839.0,58.0,2020-04-11 16:23:00,,49.35518469817466,29.793556008368235,1.3268915620347069e-19,25.27114439927401,291.19764314162603,1012.9946444769553,mt,Saturday,16
2020-04-11 16:20:00,1.0,840.0,56.0,2020-04-11 16:34:00,,49.35518469817466,29.793556008368235,1.3268915620347069e-19,25.27114439927401,291.19764314162603,1012.9946444769553,mt,Saturday,16
2020-04-15 08:50:00,0.0,1157.0,21.0,2020-04-15 08:56:00,2020-04-15 09:00:00,42.98,68.0,0.007874015748031498,16.6,310.0,1015.1,mt,Wednesday,8
2020-04-14 12:35:00,1.0,1089.0,28.0,2020-04-14 12:43:00,,49.66538890345733,48.74619911031603,-3.0508282375343217e-13,21.067884138222386,320.15587024134066,1018.7155980708368,mt,Tuesday,12
2020-04-16 08:50:00,0.0,1248.0,23.0,2020-04-16 08:59:00,2020-04-16 09:00:00,44.96,53.0,0.0,29.5,250.0,1015.8,mt,Thursday,8
2020-04-15 16:50:00,1.0,1205.0,44.0,2020-04-15 16:57:00,2020-04-15 17:00:00,51.08,33.0,0.0,20.5,320.0,1013.9,mt,Wednesday,16
2020-04-14 19:05:00,0.0,1127.0,47.0,2020-04-14 19:05:00,,53.991853736174825,40.53964024896794,-1.5060157823553178e-11,21.30128047903174,198.11450440908317,1016.7572743095793,mt,Tuesday,19
2020-04-14 19:05:00,0.0,1128.0,42.0,2020-04-14 19:15:00,,53.991853736174825,40.53964024896794,-1.5060157823553178e-11,21.30128047903174,198.11450440908317,1016.7572743095793,mt,Tuesday,19
2020-04-17 18:35:00,0.0,1372.0,21.0,2020-04-17 18:38:00,,48.29430506946299,38.2616664600255,5.004678746993381e-09,28.21336947749085,180.94529425684985,1022.4356288499173,mt,Friday,18
2020-04-17 18:35:00,0.0,1373.0,23.0,2020-04-17 18:48:00,,48.29430506946299,38.2616664600255,5.004678746993381e-09,28.21336947749085,180.94529425684985,1022.4356288499173,mt,Friday,18
2020-04-16 07:50:00,1.0,1242.0,17.0,2020-04-16 07:59:00,2020-04-16 08:00:00,46.04,55.0,0.0,33.5,240.0,1015.4,mt,Thursday,7
2020-04-16 05:50:00,0.0,,,,,,,,,,,mt,Thursday,5
2020-04-15 16:50:00,1.0,1205.0,44.0,2020-04-15 16:57:00,2020-04-15 17:00:00,51.08,33.0,0.0,20.5,320.0,1013.9,mt,Wednesday,16
2020-04-15 16:50:00,1.0,1205.0,44.0,2020-04-15 16:57:00,2020-04-15 17:00:00,51.08,33.0,0.0,20.5,320.0,1013.9,mt,Wednesday,16
2020-04-16 15:20:00,1.0,1286.0,26.0,2020-04-16 15:20:00,,46.662452421034864,35.15449872138372,1.1470945502715784e-26,32.448398079670966,305.3746498945205,1019.2235024457634,mt,Thursday,15
2020-04-16 15:20:00,1.0,1287.0,25.0,2020-04-16 15:31:00,,46.662452421034864,35.15449872138372,1.1470945502715784e-26,32.448398079670966,305.3746498945205,1019.2235024457634,mt,Thursday,15
2020-04-18 13:20:00,1.0,1431.0,25.0,2020-04-18 13:20:00,,45.29915328662875,97.6629135251477,0.017721890191825213,11.779945826705774,425.1740937775692,1006.796246089225,mt,Saturday,13
2020-04-18 13:20:00,1.0,1432.0,24.0,2020-04-18 13:30:00,,45.29915328662875,97.6629135251477,0.017721890191825213,11.779945826705774,425.1740937775692,1006.796246089225,mt,Saturday,13
2020-04-18 12:50:00,0.0,1428.0,22.0,2020-04-18 12:50:00,2020-04-18 13:00:00,44.06,100.0,0.01968503937007874,13.0,360.0,1007.1,mt,Saturday,12
2020-04-18 12:50:00,0.0,1429.0,27.0,2020-04-18 13:00:00,2020-04-18 13:00:00,44.06,100.0,0.01968503937007874,13.0,360.0,1007.1,mt,Saturday,12
2020-03-21 15:50:00,1.0,,,,,,,,,,,mt,Saturday,15
2020-04-19 11:35:00,1.0,1512.0,40.0,2020-04-19 11:43:00,,43.326723712716856,70.07592330062289,4.7964951543309075e-17,21.622512147284702,239.61391728021889,1014.5254415474327,mt,Sunday,11
2020-04-20 15:50:00,1.0,1627.0,34.0,2020-04-20 15:50:00,2020-04-20 16:00:00,50.0,52.0,0.0,24.1,10.0,1004.4,mt,Monday,15
2020-04-20 15:50:00,1.0,1628.0,31.0,2020-04-20 16:00:00,2020-04-20 16:00:00,50.0,52.0,0.0,24.1,10.0,1004.4,mt,Monday,15
2020-04-19 08:50:00,0.0,1495.0,17.0,2020-04-19 08:52:00,2020-04-19 09:00:00,35.96,75.0,0.0,16.6,240.0,1014.2,mt,Sunday,8
2020-04-19 08:50:00,0.0,1496.0,23.0,2020-04-19 09:02:00,2020-04-19 09:00:00,35.96,75.0,0.0,16.6,240.0,1014.2,mt,Sunday,8
2020-04-19 14:50:00,0.0,1531.0,100.0,2020-04-19 14:53:00,2020-04-19 15:00:00,53.06,50.0,0.0,31.7,230.0,1013.1,mt,Sunday,14
2020-04-19 14:50:00,0.0,1532.0,93.0,2020-04-19 15:03:00,2020-04-19 15:00:00,53.06,50.0,0.0,31.7,230.0,1013.1,mt,Sunday,14
2020-04-20 08:50:00,0.0,1586.0,22.0,2020-04-20 08:59:00,2020-04-20 09:00:00,53.96,57.0,0.0,18.4,340.0,1004.9,mt,Monday,8
2020-04-21 07:20:00,1.0,1667.0,11.0,2020-04-21 07:21:00,,44.46581347886354,91.89645552303934,-4.1217127158239385e-09,19.911415279710077,206.48570587478474,1005.4800773097228,mt,Tuesday,7
2020-04-21 07:20:00,1.0,1668.0,12.0,2020-04-21 07:32:00,,44.46581347886354,91.89645552303934,-4.1217127158239385e-09,19.911415279710077,206.48570587478474,1005.4800773097228,mt,Tuesday,7
2020-04-21 08:20:00,0.0,1673.0,17.0,2020-04-21 08:22:00,,44.96363763523304,87.21762932584528,2.4023102193319533e-08,22.31115771549951,194.87179279666577,1005.0015491620717,mt,Tuesday,8
2020-04-21 08:20:00,0.0,1674.0,18.0,2020-04-21 08:32:00,,44.96363763523304,87.21762932584528,2.4023102193319533e-08,22.31115771549951,194.87179279666577,1005.0015491620717,mt,Tuesday,8
2020-04-20 18:20:00,0.0,1642.0,32.0,2020-04-20 18:21:00,,53.54962920218096,39.245175870431325,4.601610965768415e-19,18.379351968781414,-6.331311851617401,1003.0623109111723,mt,Monday,18
2020-04-20 18:20:00,0.0,1643.0,30.0,2020-04-20 18:31:00,,53.54962920218096,39.245175870431325,4.601610965768415e-19,18.379351968781414,-6.331311851617401,1003.0623109111723,mt,Monday,18
2020-04-21 13:20:00,0.0,1703.0,20.0,2020-04-21 13:23:00,,52.21896146625069,88.94315499846985,-0.00016157938178058964,36.20426401310024,186.971633987296,1002.2523855841986,mt,Tuesday,13
2020-04-21 13:20:00,0.0,1704.0,20.0,2020-04-21 13:33:00,,52.21896146625069,88.94315499846985,-0.00016157938178058964,36.20426401310024,186.971633987296,1002.2523855841986,mt,Tuesday,13
2020-04-20 13:20:00,1.0,1613.0,24.0,2020-04-20 13:29:00,,51.513034058792975,61.4162823987301,-6.841527010832495e-23,24.911539349231823,216.97117260811547,1004.7222162001348,mt,Monday,13
2020-04-19 08:20:00,0.0,1492.0,14.0,2020-04-19 08:22:00,,37.79089719184519,69.81379003555922,-2.3954847706674804e-14,16.778682712737695,249.171018311738,1014.2873971207176,mt,Sunday,8
2020-04-19 08:20:00,0.0,1493.0,14.0,2020-04-19 08:32:00,,37.79089719184519,69.81379003555922,-2.3954847706674804e-14,16.778682712737695,249.171018311738,1014.2873971207176,mt,Sunday,8
2020-04-21 10:50:00,0.0,1688.0,25.0,2020-04-21 10:52:00,2020-04-21 11:00:00,46.94,97.0,0.0,22.3,180.0,1004.2,mt,Tuesday,10
2020-04-21 10:50:00,0.0,1689.0,28.0,2020-04-21 11:02:00,2020-04-21 11:00:00,46.94,97.0,0.0,22.3,180.0,1004.2,mt,Tuesday,10
2020-04-20 12:50:00,1.0,1610.0,26.0,2020-04-20 12:59:00,2020-04-20 13:00:00,51.08,65.0,0.0,22.3,360.0,1005.0,mt,Monday,12
2020-04-21 11:20:00,0.0,1691.0,25.0,2020-04-21 11:22:00,,47.83445065223496,95.22767422118702,-4.7564529023833465e-06,24.424291248246856,179.1545638627211,1003.8812650971192,mt,Tuesday,11
2020-04-21 11:20:00,0.0,1692.0,26.0,2020-04-21 11:32:00,,47.83445065223496,95.22767422118702,-4.7564529023833465e-06,24.424291248246856,179.1545638627211,1003.8812650971192,mt,Tuesday,11
2020-04-20 12:20:00,0.0,1607.0,21.0,2020-04-20 12:29:00,,51.43764873285322,64.62398469380156,1.1738204603742813e-23,17.06665513696778,225.4298613436597,1005.364490683058,mt,Monday,12
2020-04-20 15:20:00,0.0,1624.0,28.0,2020-04-20 15:20:00,,50.38208445487357,53.313792118362464,-2.3241052261689158e-21,24.703808044920457,-13.429790654000216,1004.6645111030597,mt,Monday,15
2020-04-20 15:20:00,0.0,1625.0,26.0,2020-04-20 15:30:00,,50.38208445487357,53.313792118362464,-2.3241052261689158e-21,24.703808044920457,-13.429790654000216,1004.6645111030597,mt,Monday,15
2020-04-20 10:05:00,1.0,1593.0,19.0,2020-04-20 10:09:00,,51.788032945958996,61.734279689672114,1.3698835191345702e-25,18.288502854041177,294.6624129276195,1004.7631349590021,mt,Monday,10
2020-04-20 10:05:00,1.0,1594.0,18.0,2020-04-20 10:19:00,,51.788032945958996,61.734279689672114,1.3698835191345702e-25,18.288502854041177,294.6624129276195,1004.7631349590021,mt,Monday,10
2020-04-21 07:05:00,0.0,1666.0,12.0,2020-04-21 07:11:00,,44.17949486812561,92.53571612914992,-1.63403903113699e-09,15.489236904111277,209.15539320871608,1005.5652806186972,mt,Tuesday,7
2020-04-17 16:50:00,1.0,1362.0,35.0,2020-04-17 16:57:00,2020-04-17 17:00:00,48.92,34.0,0.0,29.5,230.0,1023.6,mt,Friday,16
2020-04-21 08:50:00,0.0,1676.0,21.0,2020-04-21 08:52:00,2020-04-21 09:00:00,44.96,86.0,0.0,16.6,190.0,1004.7,mt,Tuesday,8
2020-04-21 08:50:00,0.0,1677.0,22.0,2020-04-21 09:02:00,2020-04-21 09:00:00,44.96,86.0,0.0,16.6,190.0,1004.7,mt,Tuesday,8
2020-04-20 07:50:00,1.0,1580.0,17.0,2020-04-20 07:58:00,2020-04-20 08:00:00,53.96,55.0,0.0,20.5,340.0,1004.9,mt,Monday,7
2020-04-21 08:20:00,1.0,1673.0,17.0,2020-04-21 08:22:00,,44.96363763523304,87.21762932584528,2.4023102193319533e-08,22.31115771549951,194.87179279666577,1005.0015491620717,mt,Tuesday,8
2020-04-21 08:20:00,1.0,1674.0,18.0,2020-04-21 08:32:00,,44.96363763523304,87.21762932584528,2.4023102193319533e-08,22.31115771549951,194.87179279666577,1005.0015491620717,mt,Tuesday,8
2020-04-07 06:50:00,0.0,,,,,,,,,,,mt,Tuesday,6
2020-04-10 13:50:00,0.0,733.0,22.0,2020-04-10 13:50:00,2020-04-10 14:00:00,44.06,45.0,0.0,44.6,280.0,995.0,mt,Friday,13
2020-04-10 13:50:00,0.0,734.0,24.0,2020-04-10 14:00:00,2020-04-10 14:00:00,44.06,45.0,0.0,44.6,280.0,995.0,mt,Friday,13
2020-04-19 13:50:00,1.0,1525.0,82.0,2020-04-19 13:53:00,2020-04-19 14:00:00,48.92,59.0,0.0,33.5,240.0,1014.0,mt,Sunday,13
2020-04-19 13:50:00,1.0,1526.0,77.0,2020-04-19 14:03:00,2020-04-19 14:00:00,48.92,59.0,0.0,33.5,240.0,1014.0,mt,Sunday,13
2020-04-17 10:20:00,0.0,1323.0,20.0,2020-04-17 10:26:00,,36.80186494268256,50.37830622202997,3.4054294719506253e-15,15.885987306051426,296.2470434063441,1025.9636396587573,mt,Friday,10
2018-04-17 14:20:00,1.0,,,,,,,,,,,mt,Tuesday,14
2020-03-28 08:50:00,1.0,,,,2020-03-28 09:00:00,46.94,49.0,0.0,11.2,30.0,1018.6,mt,Saturday,8
2020-04-21 08:50:00,0.0,1676.0,21.0,2020-04-21 08:52:00,2020-04-21 09:00:00,44.96,86.0,0.0,16.6,190.0,1004.7,mt,Tuesday,8
2020-04-21 08:50:00,0.0,1677.0,22.0,2020-04-21 09:02:00,2020-04-21 09:00:00,44.96,86.0,0.0,16.6,190.0,1004.7,mt,Tuesday,8
2020-04-18 07:05:00,0.0,1394.0,10.0,2020-04-18 07:09:00,,42.99763859919222,99.93831379722063,0.017002902689918036,15.688861189400187,67.18807288104685,1009.5512637361577,mt,Saturday,7
2020-04-18 07:05:00,0.0,1395.0,10.0,2020-04-18 07:19:00,,42.99763859919222,99.93831379722063,0.017002902689918036,15.688861189400187,67.18807288104685,1009.5512637361577,mt,Saturday,7
2020-04-17 16:50:00,1.0,1362.0,35.0,2020-04-17 16:57:00,2020-04-17 17:00:00,48.92,34.0,0.0,29.5,230.0,1023.6,mt,Friday,16
2020-04-17 15:50:00,0.0,1356.0,37.0,2020-04-17 15:57:00,2020-04-17 16:00:00,46.94,35.0,0.0,27.7,260.0,1025.0,mt,Friday,15
2020-04-21 18:20:00,1.0,1733.0,24.0,2020-04-21 18:24:00,,53.02154036261857,97.12185096607904,-0.01557930689126591,21.009090172276508,193.9180086508028,997.0530115185184,mt,Tuesday,18
2020-04-21 18:20:00,1.0,1734.0,23.0,2020-04-21 18:34:00,,53.02154036261857,97.12185096607904,-0.01557930689126591,21.009090172276508,193.9180086508028,997.0530115185184,mt,Tuesday,18
2020-04-18 17:20:00,0.0,1455.0,23.0,2020-04-18 17:21:00,,42.30544386683506,91.0058780726802,0.007288933270217922,26.08010282838616,151.4461332765204,1007.2958736711873,mt,Saturday,17
2020-04-18 17:20:00,0.0,1456.0,22.0,2020-04-18 17:31:00,,42.30544386683506,91.0058780726802,0.007288933270217922,26.08010282838616,151.4461332765204,1007.2958736711873,mt,Saturday,17
2020-04-19 15:50:00,1.0,1537.0,118.0,2020-04-19 15:54:00,2020-04-19 16:00:00,55.040000000000006,47.0,0.0,37.1,240.0,1012.9,mt,Sunday,15
2020-04-19 15:50:00,1.0,1538.0,111.0,2020-04-19 16:04:00,2020-04-19 16:00:00,55.040000000000006,47.0,0.0,37.1,240.0,1012.9,mt,Sunday,15
2020-03-15 13:50:00,1.0,,,,,,,,,,,mt,Sunday,13
2020-04-21 09:50:00,1.0,1682.0,22.0,2020-04-21 09:52:00,2020-04-21 10:00:00,46.04,93.0,0.0,18.4,180.0,1004.4,mt,Tuesday,9
2020-04-21 09:50:00,1.0,1683.0,24.0,2020-04-21 10:02:00,2020-04-21 10:00:00,46.04,93.0,0.0,18.4,180.0,1004.4,mt,Tuesday,9
2020-04-20 16:50:00,0.0,1633.0,36.0,2020-04-20 16:50:00,2020-04-20 17:00:00,51.08,46.0,0.0,25.9,350.0,1003.8,mt,Monday,16
2020-04-20 16:50:00,0.0,1634.0,35.0,2020-04-20 17:00:00,2020-04-20 17:00:00,51.08,46.0,0.0,25.9,350.0,1003.8,mt,Monday,16
2020-04-19 12:20:00,1.0,1516.0,51.0,2020-04-19 12:23:00,,45.596033039710576,62.4163488779184,-2.0758115853255625e-17,32.35121076858624,240.00832991504035,1014.7210912725805,mt,Sunday,12
2020-04-19 12:20:00,1.0,1517.0,56.0,2020-04-19 12:33:00,,45.596033039710576,62.4163488779184,-2.0758115853255625e-17,32.35121076858624,240.00832991504035,1014.7210912725805,mt,Sunday,12
2020-04-21 17:20:00,0.0,1727.0,15.0,2020-04-21 17:24:00,,52.04917134355935,99.60309971229464,0.049758005883044916,27.09903269038578,180.9820839943007,997.942336447272,mt,Tuesday,17
2020-04-21 17:20:00,0.0,1728.0,18.0,2020-04-21 17:34:00,,52.04917134355935,99.60309971229464,0.049758005883044916,27.09903269038578,180.9820839943007,997.942336447272,mt,Tuesday,17
2020-04-20 12:50:00,0.0,1610.0,26.0,2020-04-20 12:59:00,2020-04-20 13:00:00,51.08,65.0,0.0,22.3,360.0,1005.0,mt,Monday,12
2020-04-21 20:20:00,0.0,1745.0,23.0,2020-04-21 20:25:00,,51.408940753006185,80.883382086535,0.16272111300160044,20.31235217199247,273.0228067439027,996.9094218317766,mt,Tuesday,20
2020-04-21 08:50:00,0.0,1676.0,21.0,2020-04-21 08:52:00,2020-04-21 09:00:00,44.96,86.0,0.0,16.6,190.0,1004.7,mt,Tuesday,8
2020-04-21 08:50:00,0.0,1677.0,22.0,2020-04-21 09:02:00,2020-04-21 09:00:00,44.96,86.0,0.0,16.6,190.0,1004.7,mt,Tuesday,8
2020-04-22 16:50:00,1.0,,,,2020-04-22 17:00:00,48.2,27.0,0.0,37.0,300.0,1011.1,mt,Wednesday,16
2020-04-19 15:50:00,0.0,1537.0,118.0,2020-04-19 15:54:00,2020-04-19 16:00:00,55.040000000000006,47.0,0.0,37.1,240.0,1012.9,mt,Sunday,15
2020-04-19 15:50:00,0.0,1538.0,111.0,2020-04-19 16:04:00,2020-04-19 16:00:00,55.040000000000006,47.0,0.0,37.1,240.0,1012.9,mt,Sunday,15
2020-04-22 07:50:00,0.0,,,,2020-04-22 08:00:00,37.04,44.0,0.0,46.4,290.0,1008.3,mt,Wednesday,7
2020-04-16 18:20:00,1.0,1304.0,27.0,2020-04-16 18:21:00,,47.55605933473323,26.485262753983555,1.8622309203435056e-27,28.606841663768762,298.67608952211464,1019.0651683080364,mt,Thursday,18
2020-04-16 18:20:00,1.0,1305.0,25.0,2020-04-16 18:31:00,,47.55605933473323,26.485262753983555,1.8622309203435056e-27,28.606841663768762,298.67608952211464,1019.0651683080364,mt,Thursday,18
2020-04-20 16:50:00,0.0,1633.0,36.0,2020-04-20 16:50:00,2020-04-20 17:00:00,51.08,46.0,0.0,25.9,350.0,1003.8,mt,Monday,16
2020-04-20 16:50:00,0.0,1634.0,35.0,2020-04-20 17:00:00,2020-04-20 17:00:00,51.08,46.0,0.0,25.9,350.0,1003.8,mt,Monday,16
2020-04-22 12:50:00,1.0,,,,2020-04-22 13:00:00,42.8,34.0,0.0,35.0,300.0,1011.3,mt,Wednesday,12
2020-04-22 07:50:00,0.0,,,,2020-04-22 08:00:00,37.04,44.0,0.0,46.4,290.0,1008.3,mt,Wednesday,7
2020-04-19 17:20:00,1.0,1546.0,99.0,2020-04-19 17:24:00,,57.22462161286629,51.628525568829204,3.0862498233882413e-21,29.06765742365559,203.11187596178652,1011.044973591688,mt,Sunday,17
2020-04-19 17:20:00,1.0,1547.0,90.0,2020-04-19 17:34:00,,57.22462161286629,51.628525568829204,3.0862498233882413e-21,29.06765742365559,203.11187596178652,1011.044973591688,mt,Sunday,17
2020-04-21 16:50:00,1.0,1724.0,17.0,2020-04-21 16:54:00,2020-04-21 17:00:00,50.0,100.0,0.05905511811023623,38.9,200.0,999.3,mt,Tuesday,16
2020-04-21 16:50:00,1.0,1725.0,15.0,2020-04-21 17:04:00,2020-04-21 17:00:00,50.0,100.0,0.05905511811023623,38.9,200.0,999.3,mt,Tuesday,16
2020-04-19 13:50:00,1.0,1525.0,82.0,2020-04-19 13:53:00,2020-04-19 14:00:00,48.92,59.0,0.0,33.5,240.0,1014.0,mt,Sunday,13
2020-04-19 13:50:00,1.0,1526.0,77.0,2020-04-19 14:03:00,2020-04-19 14:00:00,48.92,59.0,0.0,33.5,240.0,1014.0,mt,Sunday,13
2020-04-22 18:20:00,1.0,,,,,52.12191693712465,25.15054602241948,2.3405273719281513e-18,29.96512753895155,277.55191960418387,1011.1430217331056,mt,Wednesday,18
2020-04-15 17:50:00,0.0,1211.0,45.0,2020-04-15 17:58:00,2020-04-15 18:00:00,51.08,28.0,0.0,22.3,280.0,1013.5,mt,Wednesday,17
2020-04-18 12:50:00,1.0,1428.0,22.0,2020-04-18 12:50:00,2020-04-18 13:00:00,44.06,100.0,0.01968503937007874,13.0,360.0,1007.1,mt,Saturday,12
2020-04-18 12:50:00,1.0,1429.0,27.0,2020-04-18 13:00:00,2020-04-18 13:00:00,44.06,100.0,0.01968503937007874,13.0,360.0,1007.1,mt,Saturday,12
2020-04-04 16:20:00,1.0,204.0,59.0,2020-04-04 16:23:00,,53.238281230892134,67.31955600942896,-9.475375360664853e-18,14.31831478542012,-26.762361556680947,1016.67382670375,mt,Saturday,16
2020-04-04 16:20:00,1.0,205.0,62.0,2020-04-04 16:33:00,,53.238281230892134,67.31955600942896,-9.475375360664853e-18,14.31831478542012,-26.762361556680947,1016.67382670375,mt,Saturday,16
2020-04-23 10:50:00,0.0,,,,2020-04-23 11:00:00,42.8,42.0,0.0,11.0,320.0,1018.8,mt,Thursday,10
2020-04-18 13:20:00,1.0,1431.0,25.0,2020-04-18 13:20:00,,45.29915328662875,97.6629135251477,0.017721890191825213,11.779945826705774,425.1740937775692,1006.796246089225,mt,Saturday,13
2020-04-18 13:20:00,1.0,1432.0,24.0,2020-04-18 13:30:00,,45.29915328662875,97.6629135251477,0.017721890191825213,11.779945826705774,425.1740937775692,1006.796246089225,mt,Saturday,13
2020-04-21 09:50:00,1.0,1682.0,22.0,2020-04-21 09:52:00,2020-04-21 10:00:00,46.04,93.0,0.0,18.4,180.0,1004.4,mt,Tuesday,9
2020-04-21 09:50:00,1.0,1683.0,24.0,2020-04-21 10:02:00,2020-04-21 10:00:00,46.04,93.0,0.0,18.4,180.0,1004.4,mt,Tuesday,9
2020-04-23 11:50:00,1.0,,,,2020-04-23 12:00:00,42.8,42.0,0.0,7.0,270.0,1019.3,mt,Thursday,11
2020-04-22 09:50:00,0.0,,,,2020-04-22 10:00:00,37.4,45.0,0.0,35.0,290.0,1009.6,mt,Wednesday,9
2020-04-23 08:20:00,1.0,,,,,39.09966712706232,45.17199072581009,-7.540554199243878e-15,11.398319997764261,348.5774631690021,1017.6287029874492,mt,Thursday,8
2020-04-08 18:20:00,1.0,579.0,43.0,2020-04-08 18:24:00,,62.03738780420438,61.67048531126524,3.8362969561243956e-08,20.810762015157724,346.0281088486492,1001.2496235571243,mt,Wednesday,18
2020-04-08 18:20:00,1.0,580.0,40.0,2020-04-08 18:34:00,,62.03738780420438,61.67048531126524,3.8362969561243956e-08,20.810762015157724,346.0281088486492,1001.2496235571243,mt,Wednesday,18
2020-04-25 13:20:00,1.0,,,,,57.25463684680194,52.40168401973755,1.4914693322613673e-14,6.1681874029804815,80.50140336855348,1017.778319906479,mt,Saturday,13
2020-04-23 18:20:00,0.0,,,,,47.458313832236435,45.66068788334616,-3.4112768942060625e-07,11.491515337372306,192.56195063881,1017.5046174584154,mt,Thursday,18
2020-04-26 14:50:00,0.0,,,,2020-04-26 15:00:00,51.8,62.0,0.06299212598425198,37.0,80.0,1013.7,mt,Sunday,14
2020-04-25 14:50:00,1.0,,,,2020-04-25 15:00:00,59.0,51.0,0.0,9.0,210.0,1018.6,mt,Saturday,14
2020-04-02 16:05:00,0.0,7.0,43.0,2020-04-02 16:13:00,,52.06319067415279,44.617552784492396,5.951342669863969e-13,35.84413991269426,328.02235821580706,1004.8251588911703,h,Thursday,16
2020-04-02 16:50:00,0.0,11.0,46.0,2020-04-02 16:53:00,2020-04-02 17:00:00,55.040000000000006,41.0,0.0,37.1,320.0,1004.2,h,Thursday,16
2020-04-02 16:50:00,0.0,12.0,49.0,2020-04-02 17:03:00,2020-04-02 17:00:00,55.040000000000006,41.0,0.0,37.1,320.0,1004.2,h,Thursday,16
2020-04-02 17:50:00,0.0,17.0,41.0,2020-04-02 17:54:00,2020-04-02 18:00:00,57.02,39.0,0.0,44.6,320.0,1003.4,h,Thursday,17
2020-04-02 17:50:00,0.0,18.0,44.0,2020-04-02 18:04:00,2020-04-02 18:00:00,57.02,39.0,0.0,44.6,320.0,1003.4,h,Thursday,17
2020-04-02 19:05:00,0.0,25.0,36.0,2020-04-02 19:14:00,,58.265994972077124,35.23541920121673,-1.178335790580125e-10,42.8566630525967,318.11898660483087,1002.389918362352,h,Thursday,19
2020-04-02 20:05:00,0.0,31.0,21.0,2020-04-02 20:14:00,,58.68839528634618,34.467340861922764,6.867844283876449e-10,47.4106170673594,308.3058392685343,1001.8830427196876,h,Thursday,20
2020-04-03 07:05:00,0.0,58.0,11.0,2020-04-03 07:08:00,,46.18708920796527,70.6912150222118,1.60947401566505e-05,43.13459325073424,333.29841446279204,1001.93547198026,h,Friday,7
2020-04-03 07:05:00,0.0,59.0,11.0,2020-04-03 07:18:00,,46.18708920796527,70.6912150222118,1.60947401566505e-05,43.13459325073424,333.29841446279204,1001.93547198026,h,Friday,7
2020-04-03 08:50:00,0.0,69.0,20.0,2020-04-03 08:58:00,2020-04-03 09:00:00,46.04,73.0,0.0,29.5,330.0,1001.8,h,Friday,8
2020-04-03 10:05:00,0.0,76.0,21.0,2020-04-03 10:08:00,,44.87961830282404,76.95940343868519,0.01164667250678089,28.255137096604532,341.47382126808327,1002.4744594828003,h,Friday,10
2020-04-03 10:05:00,0.0,77.0,20.0,2020-04-03 10:18:00,,44.87961830282404,76.95940343868519,0.01164667250678089,28.255137096604532,341.47382126808327,1002.4744594828003,h,Friday,10
2020-04-04 07:20:00,0.0,150.0,11.0,2020-04-04 07:21:00,,48.907761310367746,80.18918742046104,7.354594952365646e-11,24.49148492655416,28.850383350973377,1011.7693280319452,h,Saturday,7
2020-04-04 07:20:00,0.0,151.0,11.0,2020-04-04 07:31:00,,48.907761310367746,80.18918742046104,7.354594952365646e-11,24.49148492655416,28.850383350973377,1011.7693280319452,h,Saturday,7
2020-04-04 09:50:00,0.0,165.0,32.0,2020-04-04 09:52:00,2020-04-04 10:00:00,48.02,77.0,0.0,20.5,40.0,1013.5,h,Saturday,9
2020-04-04 09:50:00,0.0,166.0,30.0,2020-04-04 10:02:00,2020-04-04 10:00:00,48.02,77.0,0.0,20.5,40.0,1013.5,h,Saturday,9
2020-04-04 10:50:00,0.0,171.0,33.0,2020-04-04 10:52:00,2020-04-04 11:00:00,46.94,86.0,0.0,27.7,20.0,1014.4,h,Saturday,10
2020-04-04 10:50:00,0.0,172.0,31.0,2020-04-04 11:02:00,2020-04-04 11:00:00,46.94,86.0,0.0,27.7,20.0,1014.4,h,Saturday,10
2020-04-04 11:20:00,0.0,174.0,29.0,2020-04-04 11:22:00,,46.74482882784257,85.84569821873473,6.373137326706345e-14,27.2183101434376,21.509755177309227,1014.8740024053424,h,Saturday,11
2020-04-04 11:20:00,0.0,175.0,28.0,2020-04-04 11:32:00,,46.74482882784257,85.84569821873473,6.373137326706345e-14,27.2183101434376,21.509755177309227,1014.8740024053424,h,Saturday,11
2020-04-04 12:05:00,0.0,179.0,39.0,2020-04-04 12:12:00,,47.1894447145446,81.33850464424802,-1.206688726662188e-14,22.255653740120398,35.42479434829647,1015.4690226185963,h,Saturday,12
2020-04-04 13:05:00,0.0,185.0,44.0,2020-04-04 13:12:00,,48.017883175401224,76.70282266457211,2.0703505436979035e-15,19.317831145227,28.04825475392825,1016.076520609323,h,Saturday,13
2020-04-04 14:50:00,1.0,195.0,50.0,2020-04-04 14:53:00,2020-04-04 15:00:00,51.08,71.0,0.0,16.6,360.0,1016.8,h,Saturday,14
2020-04-04 14:50:00,1.0,196.0,54.0,2020-04-04 15:03:00,2020-04-04 15:00:00,51.08,71.0,0.0,16.6,360.0,1016.8,h,Saturday,14
2020-04-04 17:05:00,0.0,209.0,76.0,2020-04-04 17:13:00,,56.02481731914828,61.46109560282849,1.794065943110019e-18,11.804594659463929,103.53294947316635,1016.4136186786225,h,Saturday,17
2020-04-05 09:05:00,0.0,251.0,20.0,2020-04-05 09:05:00,,42.08240006890156,100.01444819528677,4.2229459277763763e-20,8.65501167665333,171.8977801572002,1017.0678981803903,h,Sunday,9
2020-04-05 09:05:00,0.0,252.0,20.0,2020-04-05 09:15:00,,42.08240006890156,100.01444819528677,4.2229459277763763e-20,8.65501167665333,171.8977801572002,1017.0678981803903,h,Sunday,9
2020-04-05 10:05:00,0.0,257.0,28.0,2020-04-05 10:05:00,,43.21249440329018,99.98055753377808,-2.4613132591216035e-19,6.950540333673113,148.4116329352147,1017.15586498375,h,Sunday,10
2020-04-05 10:05:00,0.0,258.0,27.0,2020-04-05 10:15:00,,43.21249440329018,99.98055753377808,-2.4613132591216035e-19,6.950540333673113,148.4116329352147,1017.15586498375,h,Sunday,10
2020-04-05 11:05:00,0.0,263.0,37.0,2020-04-05 11:05:00,,44.6876335113575,100.10220660204484,1.434558496195198e-18,5.941746321307982,167.63242223151147,1017.6969119171107,h,Sunday,11
2020-04-05 11:05:00,0.0,264.0,35.0,2020-04-05 11:15:00,,44.6876335113575,100.10220660204484,1.434558496195198e-18,5.941746321307982,167.63242223151147,1017.6969119171107,h,Sunday,11
2020-04-05 13:05:00,0.0,275.0,44.0,2020-04-05 13:05:00,,48.432139317253196,94.46057627423698,4.873275941135896e-17,0.6143632478181014,177.60457571418925,1018.3271070013808,h,Sunday,13
2020-04-05 13:05:00,0.0,276.0,42.0,2020-04-05 13:15:00,,48.432139317253196,94.46057627423698,4.873275941135896e-17,0.6143632478181014,177.60457571418925,1018.3271070013808,h,Sunday,13
2020-04-05 13:50:00,0.0,280.0,44.0,2020-04-05 13:56:00,2020-04-05 14:00:00,50.0,89.0,0.0,7.6,180.0,1018.5,h,Sunday,13
2020-04-05 14:05:00,0.0,281.0,44.0,2020-04-05 14:06:00,,50.400459567915924,87.08033950062506,-2.840353368168948e-16,9.214838774612408,186.07871203914814,1018.5246944781297,h,Sunday,14
2020-04-05 14:05:00,0.0,282.0,42.0,2020-04-05 14:16:00,,50.400459567915924,87.08033950062506,-2.840353368168948e-16,9.214838774612408,186.07871203914814,1018.5246944781297,h,Sunday,14
2020-04-05 15:50:00,1.0,292.0,56.0,2020-04-05 15:56:00,2020-04-05 16:00:00,51.08,86.0,0.0,9.4,200.0,1018.3,h,Sunday,15
2020-04-05 16:50:00,0.0,298.0,55.0,2020-04-05 16:56:00,2020-04-05 17:00:00,53.06,80.0,0.0,7.6,130.0,1017.7,h,Sunday,16
2020-04-05 18:05:00,0.0,305.0,48.0,2020-04-05 18:07:00,,56.407846971690944,73.98122618755288,-3.2777653255537043e-13,8.173405569043352,176.422060241765,1017.0665627779242,h,Sunday,18
2020-04-05 18:05:00,0.0,306.0,44.0,2020-04-05 18:17:00,,56.407846971690944,73.98122618755288,-3.2777653255537043e-13,8.173405569043352,176.422060241765,1017.0665627779242,h,Sunday,18
2020-04-05 19:35:00,0.0,314.0,24.0,2020-04-05 19:37:00,,56.55063764091204,73.62644151035559,5.31787186662191e-12,15.322574616173592,134.70958162435002,1016.0236466741003,h,Sunday,19
2020-04-05 19:35:00,0.0,315.0,22.0,2020-04-05 19:47:00,,56.55063764091204,73.62644151035559,5.31787186662191e-12,15.322574616173592,134.70958162435002,1016.0236466741003,h,Sunday,19
2020-04-06 08:05:00,0.0,336.0,16.0,2020-04-06 08:07:00,,49.17152398002546,95.02572619142548,0.009462949938358806,12.5670309057726,-19.40524732670517,1015.2635689853411,h,Monday,8
2020-04-06 08:05:00,0.0,337.0,15.0,2020-04-06 08:17:00,,49.17152398002546,95.02572619142548,0.009462949938358806,12.5670309057726,-19.40524732670517,1015.2635689853411,h,Monday,8
2020-04-06 09:05:00,0.0,342.0,19.0,2020-04-06 09:07:00,,49.8947690457185,85.78106983771582,0.01410526815126758,10.175004057374114,92.92228945769527,1015.9171121917184,h,Monday,9
2020-04-06 09:05:00,0.0,343.0,18.0,2020-04-06 09:17:00,,49.8947690457185,85.78106983771582,0.01410526815126758,10.175004057374114,92.92228945769527,1015.9171121917184,h,Monday,9
2020-04-06 10:35:00,0.0,351.0,18.0,2020-04-06 10:37:00,,48.764506007203636,87.72861502267685,0.011809817431815115,11.761986738825259,363.3852971405365,1016.871641980308,h,Monday,10
2020-04-06 10:35:00,0.0,352.0,21.0,2020-04-06 10:48:00,,48.764506007203636,87.72861502267685,0.011809817431815115,11.761986738825259,363.3852971405365,1016.871641980308,h,Monday,10
2020-04-06 10:50:00,0.0,353.0,21.0,2020-04-06 10:58:00,2020-04-06 11:00:00,48.92,86.0,0.0,13.0,350.0,1017.1,h,Monday,10
2020-04-06 12:05:00,0.0,360.0,29.0,2020-04-06 12:08:00,,49.973775372533275,74.76133640607816,0.0009677185901937195,16.30309059364003,353.03660706484453,1017.9341984025637,h,Monday,12
2020-04-06 12:05:00,0.0,361.0,28.0,2020-04-06 12:18:00,,49.973775372533275,74.76133640607816,0.0009677185901937195,16.30309059364003,353.03660706484453,1017.9341984025637,h,Monday,12
2020-04-06 12:50:00,0.0,365.0,31.0,2020-04-06 12:58:00,2020-04-06 13:00:00,50.0,68.0,0.0,20.5,360.0,1018.2,h,Monday,12
2020-04-06 13:50:00,0.0,371.0,36.0,2020-04-06 13:58:00,2020-04-06 14:00:00,53.96,57.0,0.0,13.0,360.0,1018.1,h,Monday,13
2020-04-06 15:05:00,1.0,378.0,41.0,2020-04-06 15:09:00,,56.42270719269603,46.224321758807754,-4.887592301176786e-06,21.138058401900828,343.329511703103,1017.8366041006648,h,Monday,15
2020-04-06 15:05:00,1.0,379.0,41.0,2020-04-06 15:19:00,,56.42270719269603,46.224321758807754,-4.887592301176786e-06,21.138058401900828,343.329511703103,1017.8366041006648,h,Monday,15
2020-04-06 17:05:00,0.0,390.0,49.0,2020-04-06 17:09:00,,59.220757267164366,37.43675970453914,-1.438772839109323e-07,9.289856669197821,337.2716873536713,1016.9050704601683,h,Monday,17
2020-04-06 17:05:00,0.0,391.0,45.0,2020-04-06 17:19:00,,59.220757267164366,37.43675970453914,-1.438772839109323e-07,9.289856669197821,337.2716873536713,1016.9050704601683,h,Monday,17
2020-04-06 17:50:00,1.0,395.0,64.0,2020-04-06 17:59:00,2020-04-06 18:00:00,60.08,35.0,0.0,5.4,230.0,1016.2,h,Monday,17
2020-04-06 19:05:00,0.0,402.0,59.0,2020-04-06 19:10:00,,62.243039890892675,38.37550819552316,-4.235351794911967e-09,13.842068350824986,228.9078583217204,1015.0857915450563,h,Monday,19
2020-04-07 08:05:00,0.0,427.0,18.0,2020-04-07 08:10:00,,51.23953828054138,33.89271552260876,4.469540085786803e-19,10.749274824459443,324.09715009620464,1015.099139544689,h,Tuesday,8
2020-04-07 09:20:00,0.0,434.0,21.0,2020-04-07 09:21:00,,53.019616883411636,34.70689847124561,3.0717156951988355e-19,10.078422962115534,316.00941110746004,1014.9720838358903,h,Tuesday,9
2020-04-07 09:20:00,0.0,435.0,21.0,2020-04-07 09:31:00,,53.019616883411636,34.70689847124561,3.0717156951988355e-19,10.078422962115534,316.00941110746004,1014.9720838358903,h,Tuesday,9
2020-04-07 10:20:00,0.0,440.0,20.0,2020-04-07 10:21:00,,50.155999881650374,49.26585076034587,-2.206191694798141e-18,11.005487156911249,255.4137789483311,1015.0540489267005,h,Tuesday,10
2020-04-07 10:20:00,0.0,441.0,18.0,2020-04-07 10:31:00,,50.155999881650374,49.26585076034587,-2.206191694798141e-18,11.005487156911249,255.4137789483311,1015.0540489267005,h,Tuesday,10
2020-04-07 11:20:00,0.0,446.0,19.0,2020-04-07 11:21:00,,49.64438382668621,65.6979969666792,1.2929978599268962e-17,13.488654096416973,231.5079152025536,1015.5036226039067,h,Tuesday,11
2020-04-07 11:20:00,0.0,447.0,19.0,2020-04-07 11:31:00,,49.64438382668621,65.6979969666792,1.2929978599268962e-17,13.488654096416973,231.5079152025536,1015.5036226039067,h,Tuesday,11
2020-04-07 12:05:00,0.0,451.0,23.0,2020-04-07 12:11:00,,51.59608845600139,63.242563169007205,-2.9881377287714476e-17,12.587388837167973,239.3885342883112,1015.5836279682093,h,Tuesday,12
2020-04-07 12:50:00,0.0,455.0,28.0,2020-04-07 12:52:00,2020-04-07 13:00:00,53.06,54.0,0.0,11.2,240.0,1015.4,h,Tuesday,12
2020-04-07 12:50:00,0.0,456.0,28.0,2020-04-07 13:02:00,2020-04-07 13:00:00,53.06,54.0,0.0,11.2,240.0,1015.4,h,Tuesday,12
2020-04-07 14:05:00,1.0,463.0,29.0,2020-04-07 14:12:00,,57.65095965885459,41.11081602002071,-1.0151011094505527e-15,11.503965650133724,315.4311750853882,1015.2445930510812,h,Tuesday,14
2020-04-07 15:05:00,0.0,469.0,36.0,2020-04-07 15:12:00,,59.77791673268176,39.519000411380475,5.916442908913607e-15,9.583098513747931,271.1329010499543,1014.6913118633954,h,Tuesday,15
2020-04-07 16:05:00,0.0,475.0,40.0,2020-04-07 16:12:00,,62.071539945054845,34.27518151169651,-3.4483556344031094e-14,7.547443267378695,202.77141861488602,1013.6575357685471,h,Tuesday,16
2020-04-07 17:05:00,0.0,481.0,44.0,2020-04-07 17:13:00,,61.077843596989204,37.57991051844051,2.009848951552729e-13,19.0322418819799,212.23858726072947,1012.7884735253236,h,Tuesday,17
2020-04-07 18:20:00,0.0,488.0,42.0,2020-04-07 18:21:00,,61.70583710116543,35.36803111925265,-2.9548135531809098e-12,21.175483099616294,194.68917361353218,1011.4908803545503,h,Tuesday,18
2020-04-07 18:20:00,0.0,489.0,44.0,2020-04-07 18:31:00,,61.70583710116543,35.36803111925265,-2.9548135531809098e-12,21.175483099616294,194.68917361353218,1011.4908803545503,h,Tuesday,18
2020-04-02 16:05:00,0.0,7.0,43.0,2020-04-02 16:13:00,,52.06319067415279,44.617552784492396,5.951342669863969e-13,35.84413991269426,328.02235821580706,1004.8251588911703,i,Thursday,16
2020-04-02 17:50:00,1.0,17.0,41.0,2020-04-02 17:54:00,2020-04-02 18:00:00,57.02,39.0,0.0,44.6,320.0,1003.4,i,Thursday,17
2020-04-02 17:50:00,1.0,18.0,44.0,2020-04-02 18:04:00,2020-04-02 18:00:00,57.02,39.0,0.0,44.6,320.0,1003.4,i,Thursday,17
2020-04-03 07:05:00,0.0,58.0,11.0,2020-04-03 07:08:00,,46.18708920796527,70.6912150222118,1.60947401566505e-05,43.13459325073424,333.29841446279204,1001.93547198026,i,Friday,7
2020-04-03 07:05:00,0.0,59.0,11.0,2020-04-03 07:18:00,,46.18708920796527,70.6912150222118,1.60947401566505e-05,43.13459325073424,333.29841446279204,1001.93547198026,i,Friday,7
2020-04-03 08:50:00,0.0,69.0,20.0,2020-04-03 08:58:00,2020-04-03 09:00:00,46.04,73.0,0.0,29.5,330.0,1001.8,i,Friday,8
2020-04-03 10:05:00,0.0,76.0,21.0,2020-04-03 10:08:00,,44.87961830282404,76.95940343868519,0.01164667250678089,28.255137096604532,341.47382126808327,1002.4744594828003,i,Friday,10
2020-04-03 10:05:00,0.0,77.0,20.0,2020-04-03 10:18:00,,44.87961830282404,76.95940343868519,0.01164667250678089,28.255137096604532,341.47382126808327,1002.4744594828003,i,Friday,10
2020-04-04 07:20:00,0.0,150.0,11.0,2020-04-04 07:21:00,,48.907761310367746,80.18918742046104,7.354594952365646e-11,24.49148492655416,28.850383350973377,1011.7693280319452,i,Saturday,7
2020-04-04 07:20:00,0.0,151.0,11.0,2020-04-04 07:31:00,,48.907761310367746,80.18918742046104,7.354594952365646e-11,24.49148492655416,28.850383350973377,1011.7693280319452,i,Saturday,7
2020-04-04 09:50:00,1.0,165.0,32.0,2020-04-04 09:52:00,2020-04-04 10:00:00,48.02,77.0,0.0,20.5,40.0,1013.5,i,Saturday,9
2020-04-04 09:50:00,1.0,166.0,30.0,2020-04-04 10:02:00,2020-04-04 10:00:00,48.02,77.0,0.0,20.5,40.0,1013.5,i,Saturday,9
2020-04-04 10:50:00,1.0,171.0,33.0,2020-04-04 10:52:00,2020-04-04 11:00:00,46.94,86.0,0.0,27.7,20.0,1014.4,i,Saturday,10
2020-04-04 10:50:00,1.0,172.0,31.0,2020-04-04 11:02:00,2020-04-04 11:00:00,46.94,86.0,0.0,27.7,20.0,1014.4,i,Saturday,10
2020-04-04 12:05:00,0.0,179.0,39.0,2020-04-04 12:12:00,,47.1894447145446,81.33850464424802,-1.206688726662188e-14,22.255653740120398,35.42479434829647,1015.4690226185963,i,Saturday,12
2020-04-04 13:05:00,1.0,185.0,44.0,2020-04-04 13:12:00,,48.017883175401224,76.70282266457211,2.0703505436979035e-15,19.317831145227,28.04825475392825,1016.076520609323,i,Saturday,13
2020-04-04 14:05:00,1.0,191.0,47.0,2020-04-04 14:12:00,,48.59325623304807,75.94455936831935,-3.552159955655378e-16,23.287359388517608,113.78567712813404,1016.6968537254663,i,Saturday,14
2020-04-04 14:50:00,1.0,195.0,50.0,2020-04-04 14:53:00,2020-04-04 15:00:00,51.08,71.0,0.0,16.6,360.0,1016.8,i,Saturday,14
2020-04-04 14:50:00,1.0,196.0,54.0,2020-04-04 15:03:00,2020-04-04 15:00:00,51.08,71.0,0.0,16.6,360.0,1016.8,i,Saturday,14
2020-04-04 16:05:00,1.0,203.0,65.0,2020-04-04 16:13:00,,52.50126720909025,68.27651387860996,-1.0456582606405656e-17,14.589565469478115,-9.211771991738974,1016.7490040472493,i,Saturday,16
2020-04-04 17:50:00,1.0,213.0,79.0,2020-04-04 17:53:00,2020-04-04 18:00:00,57.92,55.0,0.0,9.4,350.0,1016.2,i,Saturday,17
2020-04-04 17:50:00,1.0,214.0,86.0,2020-04-04 18:03:00,2020-04-04 18:00:00,57.92,55.0,0.0,9.4,350.0,1016.2,i,Saturday,17
2020-04-05 09:05:00,0.0,251.0,20.0,2020-04-05 09:05:00,,42.08240006890156,100.01444819528677,4.2229459277763763e-20,8.65501167665333,171.8977801572002,1017.0678981803903,i,Sunday,9
2020-04-05 09:05:00,0.0,252.0,20.0,2020-04-05 09:15:00,,42.08240006890156,100.01444819528677,4.2229459277763763e-20,8.65501167665333,171.8977801572002,1017.0678981803903,i,Sunday,9
2020-04-05 11:05:00,1.0,263.0,37.0,2020-04-05 11:05:00,,44.6876335113575,100.10220660204484,1.434558496195198e-18,5.941746321307982,167.63242223151147,1017.6969119171107,i,Sunday,11
2020-04-05 11:05:00,1.0,264.0,35.0,2020-04-05 11:15:00,,44.6876335113575,100.10220660204484,1.434558496195198e-18,5.941746321307982,167.63242223151147,1017.6969119171107,i,Sunday,11
2020-04-05 13:05:00,1.0,275.0,44.0,2020-04-05 13:05:00,,48.432139317253196,94.46057627423698,4.873275941135896e-17,0.6143632478181014,177.60457571418925,1018.3271070013808,i,Sunday,13
2020-04-05 13:05:00,1.0,276.0,42.0,2020-04-05 13:15:00,,48.432139317253196,94.46057627423698,4.873275941135896e-17,0.6143632478181014,177.60457571418925,1018.3271070013808,i,Sunday,13
2020-04-05 15:05:00,1.0,287.0,49.0,2020-04-05 15:06:00,,51.10010327525124,83.30738672201261,1.6554792614900091e-15,11.09660410450746,213.42315205092183,1018.474726129841,i,Sunday,15
2020-04-05 15:05:00,1.0,288.0,47.0,2020-04-05 15:16:00,,51.10010327525124,83.30738672201261,1.6554792614900091e-15,11.09660410450746,213.42315205092183,1018.474726129841,i,Sunday,15
2020-04-05 15:50:00,1.0,292.0,56.0,2020-04-05 15:56:00,2020-04-05 16:00:00,51.08,86.0,0.0,9.4,200.0,1018.3,i,Sunday,15
2020-04-05 16:50:00,0.0,298.0,55.0,2020-04-05 16:56:00,2020-04-05 17:00:00,53.06,80.0,0.0,7.6,130.0,1017.7,i,Sunday,16
2020-04-05 18:05:00,1.0,305.0,48.0,2020-04-05 18:07:00,,56.407846971690944,73.98122618755288,-3.2777653255537043e-13,8.173405569043352,176.422060241765,1017.0665627779242,i,Sunday,18
2020-04-05 18:05:00,1.0,306.0,44.0,2020-04-05 18:17:00,,56.407846971690944,73.98122618755288,-3.2777653255537043e-13,8.173405569043352,176.422060241765,1017.0665627779242,i,Sunday,18
2020-04-05 19:35:00,0.0,314.0,24.0,2020-04-05 19:37:00,,56.55063764091204,73.62644151035559,5.31787186662191e-12,15.322574616173592,134.70958162435002,1016.0236466741003,i,Sunday,19
2020-04-05 19:35:00,0.0,315.0,22.0,2020-04-05 19:47:00,,56.55063764091204,73.62644151035559,5.31787186662191e-12,15.322574616173592,134.70958162435002,1016.0236466741003,i,Sunday,19
2020-04-06 08:05:00,0.0,336.0,16.0,2020-04-06 08:07:00,,49.17152398002546,95.02572619142548,0.009462949938358806,12.5670309057726,-19.40524732670517,1015.2635689853411,i,Monday,8
2020-04-06 08:05:00,0.0,337.0,15.0,2020-04-06 08:17:00,,49.17152398002546,95.02572619142548,0.009462949938358806,12.5670309057726,-19.40524732670517,1015.2635689853411,i,Monday,8
2020-04-06 10:50:00,0.0,353.0,21.0,2020-04-06 10:58:00,2020-04-06 11:00:00,48.92,86.0,0.0,13.0,350.0,1017.1,i,Monday,10
2020-04-06 12:50:00,1.0,365.0,31.0,2020-04-06 12:58:00,2020-04-06 13:00:00,50.0,68.0,0.0,20.5,360.0,1018.2,i,Monday,12
2020-04-06 13:50:00,1.0,371.0,36.0,2020-04-06 13:58:00,2020-04-06 14:00:00,53.96,57.0,0.0,13.0,360.0,1018.1,i,Monday,13
2020-04-06 14:20:00,1.0,374.0,32.0,2020-04-06 14:28:00,,55.1365130196303,51.162407804093256,2.5813862551375734e-05,16.115242256981034,357.36853633412306,1018.0072455336528,i,Monday,14
2020-04-06 15:05:00,1.0,378.0,41.0,2020-04-06 15:09:00,,56.42270719269603,46.224321758807754,-4.887592301176786e-06,21.138058401900828,343.329511703103,1017.8366041006648,i,Monday,15
2020-04-06 15:05:00,1.0,379.0,41.0,2020-04-06 15:19:00,,56.42270719269603,46.224321758807754,-4.887592301176786e-06,21.138058401900828,343.329511703103,1017.8366041006648,i,Monday,15
2020-04-06 16:05:00,1.0,384.0,46.0,2020-04-06 16:09:00,,58.27525592335661,44.80648642277553,8.385782641812865e-07,16.84951415481689,338.64980015720425,1017.5013875731944,i,Monday,16
2020-04-06 16:05:00,1.0,385.0,46.0,2020-04-06 16:19:00,,58.27525592335661,44.80648642277553,8.385782641812865e-07,16.84951415481689,338.64980015720425,1017.5013875731944,i,Monday,16
2020-04-06 17:05:00,1.0,390.0,49.0,2020-04-06 17:09:00,,59.220757267164366,37.43675970453914,-1.438772839109323e-07,9.289856669197821,337.2716873536713,1016.9050704601683,i,Monday,17
2020-04-06 17:05:00,1.0,391.0,45.0,2020-04-06 17:19:00,,59.220757267164366,37.43675970453914,-1.438772839109323e-07,9.289856669197821,337.2716873536713,1016.9050704601683,i,Monday,17
2020-04-06 17:50:00,1.0,395.0,64.0,2020-04-06 17:59:00,2020-04-06 18:00:00,60.08,35.0,0.0,5.4,230.0,1016.2,i,Monday,17
2020-04-06 19:05:00,0.0,402.0,59.0,2020-04-06 19:10:00,,62.243039890892675,38.37550819552316,-4.235351794911967e-09,13.842068350824986,228.9078583217204,1015.0857915450563,i,Monday,19
2020-04-07 08:05:00,0.0,427.0,18.0,2020-04-07 08:10:00,,51.23953828054138,33.89271552260876,4.469540085786803e-19,10.749274824459443,324.09715009620464,1015.099139544689,i,Tuesday,8
2020-04-07 09:20:00,0.0,434.0,21.0,2020-04-07 09:21:00,,53.019616883411636,34.70689847124561,3.0717156951988355e-19,10.078422962115534,316.00941110746004,1014.9720838358903,i,Tuesday,9
2020-04-07 09:20:00,0.0,435.0,21.0,2020-04-07 09:31:00,,53.019616883411636,34.70689847124561,3.0717156951988355e-19,10.078422962115534,316.00941110746004,1014.9720838358903,i,Tuesday,9
2020-04-07 11:20:00,0.0,446.0,19.0,2020-04-07 11:21:00,,49.64438382668621,65.6979969666792,1.2929978599268962e-17,13.488654096416973,231.5079152025536,1015.5036226039067,i,Tuesday,11
2020-04-07 11:20:00,0.0,447.0,19.0,2020-04-07 11:31:00,,49.64438382668621,65.6979969666792,1.2929978599268962e-17,13.488654096416973,231.5079152025536,1015.5036226039067,i,Tuesday,11
2020-04-07 12:05:00,0.0,451.0,23.0,2020-04-07 12:11:00,,51.59608845600139,63.242563169007205,-2.9881377287714476e-17,12.587388837167973,239.3885342883112,1015.5836279682093,i,Tuesday,12
2020-04-07 12:50:00,1.0,455.0,28.0,2020-04-07 12:52:00,2020-04-07 13:00:00,53.06,54.0,0.0,11.2,240.0,1015.4,i,Tuesday,12
2020-04-07 12:50:00,1.0,456.0,28.0,2020-04-07 13:02:00,2020-04-07 13:00:00,53.06,54.0,0.0,11.2,240.0,1015.4,i,Tuesday,12
2020-04-07 14:05:00,1.0,463.0,29.0,2020-04-07 14:12:00,,57.65095965885459,41.11081602002071,-1.0151011094505527e-15,11.503965650133724,315.4311750853882,1015.2445930510812,i,Tuesday,14
2020-04-07 15:05:00,0.0,469.0,36.0,2020-04-07 15:12:00,,59.77791673268176,39.519000411380475,5.916442908913607e-15,9.583098513747931,271.1329010499543,1014.6913118633954,i,Tuesday,15
2020-04-07 16:05:00,1.0,475.0,40.0,2020-04-07 16:12:00,,62.071539945054845,34.27518151169651,-3.4483556344031094e-14,7.547443267378695,202.77141861488602,1013.6575357685471,i,Tuesday,16
2020-04-07 18:20:00,1.0,488.0,42.0,2020-04-07 18:21:00,,61.70583710116543,35.36803111925265,-2.9548135531809098e-12,21.175483099616294,194.68917361353218,1011.4908803545503,i,Tuesday,18
2020-04-07 18:20:00,1.0,489.0,44.0,2020-04-07 18:31:00,,61.70583710116543,35.36803111925265,-2.9548135531809098e-12,21.175483099616294,194.68917361353218,1011.4908803545503,i,Tuesday,18
2020-03-23 14:50:00,0.0,,,,2020-03-23 15:00:00,37.94,89.0,0.05905511811023623,25.9,80.0,1030.5,tw,Monday,14
2020-03-25 13:05:00,0.0,,,,,42.429515956695155,81.65346668884045,-2.492293228942382e-30,18.87000067243985,61.82583815958218,1019.3411867082574,tw,Wednesday,13
2020-03-25 15:35:00,1.0,,,,,45.73890716764656,77.27556839121748,-2.9394345603822766e-32,27.556923476839646,80.10786547115687,1018.4293465840642,tw,Wednesday,15
2020-03-25 18:05:00,1.0,,,,,46.373957674076,67.54657562833307,2.1647294285202747e-31,31.266119328532763,70.00349950089323,1017.2493402663333,tw,Wednesday,18
2020-03-26 16:05:00,0.0,,,,,50.14692157412152,50.750476432897266,1.5024144364034563e-14,16.135591425976948,286.18561811808064,1017.5866972664784,tw,Thursday,16
2020-03-26 17:35:00,1.0,,,,,50.5551490517041,56.60316231701365,-2.4375288252238987e-13,19.08438993954708,195.69075852798105,1015.866444767032,tw,Thursday,17
2020-03-26 19:35:00,1.0,,,,,52.60711796876486,57.443835519249504,-8.280422590849022e-12,22.657438933106825,185.79466385212245,1013.7603308153923,tw,Thursday,19
2020-03-29 17:20:00,1.0,,,,,49.480332838419145,99.99999999997436,0.0059163849846774405,20.691815348091293,37.21151079838747,1013.6313134710504,tw,Sunday,17
2020-03-31 12:20:00,0.0,,,,,41.566349106892645,85.75727220934421,-8.516739085155761e-07,16.96108398379849,54.13428756358076,1017.8680707399157,tw,Tuesday,12
2020-04-01 00:05:00,1.0,,,,,,,,,,,tw,Wednesday,0
2020-04-01 14:50:00,1.0,,,,2020-04-01 15:00:00,46.04,55.0,0.0,29.5,40.0,1010.1,tw,Wednesday,14
2020-04-01 15:20:00,0.0,,,,,47.11152697961497,52.12688066491378,1.8212112708995833e-27,28.91280916602943,28.94943301294683,1009.7594807231243,tw,Wednesday,15
2020-04-01 22:05:00,0.0,,,,,,,,,,,tw,Wednesday,22
2020-04-03 19:50:00,0.0,134.0,17.0,2020-04-03 19:51:00,2020-04-03 20:00:00,50.0,83.0,0.047244094488188976,40.7,340.0,1004.8,tw,Friday,19
2020-04-03 19:50:00,0.0,135.0,19.0,2020-04-03 20:01:00,2020-04-03 20:00:00,50.0,83.0,0.047244094488188976,40.7,340.0,1004.8,tw,Friday,19
2020-04-04 16:20:00,0.0,204.0,59.0,2020-04-04 16:23:00,,53.238281230892134,67.31955600942896,-9.475375360664853e-18,14.31831478542012,-26.762361556680947,1016.67382670375,tw,Saturday,16
2020-04-04 16:20:00,0.0,205.0,62.0,2020-04-04 16:33:00,,53.238281230892134,67.31955600942896,-9.475375360664853e-18,14.31831478542012,-26.762361556680947,1016.67382670375,tw,Saturday,16
2020-04-04 17:20:00,0.0,210.0,70.0,2020-04-04 17:23:00,,57.06560659469278,58.33610694401894,1.6257173947384334e-18,10.251690687043844,207.1670780762167,1016.3275920442436,tw,Saturday,17
2020-04-04 17:20:00,0.0,211.0,73.0,2020-04-04 17:33:00,,57.06560659469278,58.33610694401894,1.6257173947384334e-18,10.251690687043844,207.1670780762167,1016.3275920442436,tw,Saturday,17
2020-04-04 19:05:00,1.0,221.0,51.0,2020-04-04 19:14:00,,53.396209424731104,65.29742937065645,5.2812370416733816e-20,18.94820589810611,175.88259961038906,1016.0206780352878,tw,Saturday,19
2020-04-04 19:05:00,1.0,221.0,51.0,2020-04-04 19:14:00,,53.396209424731104,65.29742937065645,5.2812370416733816e-20,18.94820589810611,175.88259961038906,1016.0206780352878,tw,Saturday,19
2020-04-04 19:35:00,0.0,224.0,37.0,2020-04-04 19:44:00,,53.16766787466889,65.72418927519807,1.8972607367328567e-20,17.28038824047673,174.52774538085762,1015.7923446212574,tw,Saturday,19
2020-04-04 22:20:00,1.0,,,,,,,,,,,tw,Saturday,22
2020-04-05 17:50:00,0.0,304.0,48.0,2020-04-05 17:57:00,2020-04-05 18:00:00,55.94,75.0,0.0,7.6,170.0,1017.2,tw,Sunday,17
2020-04-05 23:50:00,0.0,,,,,,,,,,,tw,Sunday,23
2020-04-06 16:35:00,1.0,387.0,49.0,2020-04-06 16:39:00,,58.77546286360289,40.82895624741909,3.012554828707672e-07,13.11849404314862,365.78350546477066,1017.2625091094119,tw,Monday,16
2020-04-06 16:35:00,1.0,388.0,54.0,2020-04-06 16:49:00,,58.77546286360289,40.82895624741909,3.012554828707672e-07,13.11849404314862,365.78350546477066,1017.2625091094119,tw,Monday,16
2020-04-06 17:05:00,0.0,390.0,49.0,2020-04-06 17:09:00,,59.220757267164366,37.43675970453914,-1.438772839109323e-07,9.289856669197821,337.2716873536713,1016.9050704601683,tw,Monday,17
2020-04-06 17:05:00,0.0,391.0,45.0,2020-04-06 17:19:00,,59.220757267164366,37.43675970453914,-1.438772839109323e-07,9.289856669197821,337.2716873536713,1016.9050704601683,tw,Monday,17
2020-04-06 19:35:00,0.0,405.0,50.0,2020-04-06 19:40:00,,62.15234274840357,38.247004280061724,-1.5215311493310325e-09,19.364343500926896,216.616770513816,1014.6779142712164,tw,Monday,19
2020-04-08 18:05:00,1.0,578.0,43.0,2020-04-08 18:14:00,,62.15287524629238,61.5338005085505,4.233558514923856e-08,21.99754389369614,349.74939022505515,1001.152249742016,tw,Wednesday,18
2020-04-08 19:20:00,1.0,585.0,38.0,2020-04-08 19:25:00,,63.006511732499675,61.23603626701679,-6.582044857287125e-09,17.683493013149548,343.7421421625991,1001.3713859220087,tw,Wednesday,19
2020-04-08 21:50:00,0.0,,,,,,,,,,,tw,Wednesday,21
2020-04-09 12:05:00,0.0,632.0,18.0,2020-04-09 12:06:00,,49.093649117137645,100.1047303157723,-0.0005641219515205521,17.14815545467314,135.53273505737658,997.9427760079927,tw,Thursday,12
2020-04-09 12:05:00,0.0,633.0,17.0,2020-04-09 12:16:00,,49.093649117137645,100.1047303157723,-0.0005641219515205521,17.14815545467314,135.53273505737658,997.9427760079927,tw,Thursday,12
2020-04-11 19:50:00,0.0,860.0,33.0,2020-04-11 19:54:00,2020-04-11 20:00:00,53.96,30.0,0.0,31.7,260.0,1012.2,tw,Saturday,19
2020-04-11 19:50:00,0.0,861.0,31.0,2020-04-11 20:04:00,2020-04-11 20:00:00,53.96,30.0,0.0,31.7,260.0,1012.2,tw,Saturday,19
2020-04-12 10:50:00,0.0,897.0,32.0,2020-04-12 10:56:00,2020-04-12 11:00:00,35.96,92.0,0.0,11.2,50.0,1022.0,tw,Sunday,10
2020-04-13 12:05:00,1.0,995.0,12.0,2020-04-13 12:09:00,,53.9453774816609,100.00002840178936,0.12078321371052822,44.892774310591754,162.80655213822848,1010.7511068942594,tw,Monday,12
2020-04-13 12:05:00,1.0,996.0,11.0,2020-04-13 12:19:00,,53.9453774816609,100.00002840178936,0.12078321371052822,44.892774310591754,162.80655213822848,1010.7511068942594,tw,Monday,12
2020-04-17 12:05:00,1.0,1333.0,29.0,2020-04-17 12:06:00,,40.31364802379526,45.64470707512268,4.5862670524120415e-14,15.60964140401996,266.60018845053526,1027.364827668336,tw,Friday,12
2020-04-17 12:05:00,1.0,1334.0,27.0,2020-04-17 12:16:00,,40.31364802379526,45.64470707512268,4.5862670524120415e-14,15.60964140401996,266.60018845053526,1027.364827668336,tw,Friday,12
2020-04-18 16:35:00,1.0,1451.0,25.0,2020-04-18 16:41:00,,42.219338471377505,97.64840375917059,0.018590823063888345,23.401414453767504,412.23506282856766,1007.3575896429753,tw,Saturday,16
2020-04-19 17:35:00,0.0,1548.0,89.0,2020-04-19 17:44:00,,56.49660314374444,57.91369315021846,1.2235332782643762e-21,30.090932631085085,188.5560734126144,1010.8820867202713,tw,Sunday,17
2020-04-19 18:35:00,0.0,1554.0,59.0,2020-04-19 18:44:00,,55.20174735133207,62.476601138936005,-2.0992512252053858e-22,39.2184073030288,186.38690515272305,1010.0186270884652,tw,Sunday,18
2020-04-22 11:05:00,0.0,,,,,39.64412784564757,42.0471661541146,-5.901558214015754e-13,21.45330304157048,298.33240108616593,1010.5960502021173,tw,Wednesday,11
2020-04-24 19:20:00,1.0,,,,,48.050377909357174,100.31910750156528,0.03171337807469067,20.347746192801512,190.79592393707603,1006.566520177567,tw,Friday,19
2020-04-25 15:05:00,1.0,,,,,58.57644039616433,51.17414820389735,6.379772021437871e-16,9.552008835409325,201.45820403332073,1018.6652701278903,tw,Saturday,15
2020-04-25 15:35:00,1.0,,,,,56.84786240665823,52.63828046194489,6.021448278789581e-16,11.131799324853866,163.7648794059563,1018.6824651009716,tw,Saturday,15
2020-04-25 17:05:00,1.0,,,,,59.87787171239352,39.315185447741534,5.240141579586477e-15,23.835146370907488,181.91729151678433,1018.7281607741544,tw,Saturday,17
2020-04-26 00:20:00,0.0,,,,,,,,,,,tw,Sunday,0
2020-04-26 00:35:00,1.0,,,,,,,,,,,tw,Sunday,0
