time_bin,label,source
2020-03-23 07:05:00,,mis/imp
2020-03-23 07:20:00,,mis/imp
2020-03-23 07:35:00,,mis/imp
2020-03-23 07:50:00,,mis/imp
2020-03-23 08:05:00,,mis/imp
2020-03-23 08:20:00,,mis/imp
2020-03-23 08:35:00,,mis/imp
2020-03-23 08:50:00,,mis/imp
2020-03-23 09:05:00,,mis/imp
2020-03-23 09:20:00,,mis/imp
2020-03-23 09:35:00,,mis/imp
2020-03-23 09:50:00,,mis/imp
2020-03-23 10:05:00,,mis/imp
2020-03-23 10:20:00,,mis/imp
2020-03-23 10:35:00,,mis/imp
2020-03-23 10:50:00,,mis/imp
2020-03-23 11:05:00,,mis/imp
2020-03-23 11:20:00,,mis/imp
2020-03-23 11:35:00,,mis/imp
2020-03-23 11:50:00,,mis/imp
2020-03-23 12:05:00,,mis/imp
2020-03-23 12:20:00,,mis/imp
2020-03-23 12:35:00,,mis/imp
2020-03-23 12:50:00,,mis/imp
2020-03-23 13:05:00,,mis/imp
2020-03-23 13:20:00,,mis/imp
2020-03-23 13:35:00,,mis/imp
2020-03-23 13:50:00,,mis/imp
2020-03-23 14:05:00,,mis/imp
2020-03-23 14:20:00,,mis/imp
2020-03-23 14:35:00,0.0,mis/imp
2020-03-23 14:50:00,0.0,obs
2020-03-23 15:05:00,0.0,mis/imp
2020-03-23 15:20:00,0.0,mis/imp
2020-03-23 15:35:00,,mis/imp
2020-03-23 15:50:00,,mis/imp
2020-03-23 16:05:00,,mis/imp
2020-03-23 16:20:00,,mis/imp
2020-03-23 16:35:00,,mis/imp
2020-03-23 16:50:00,,mis/imp
2020-03-23 17:05:00,,mis/imp
2020-03-23 17:20:00,,mis/imp
2020-03-23 17:35:00,,mis/imp
2020-03-23 17:50:00,,mis/imp
2020-03-23 18:05:00,,mis/imp
2020-03-23 18:20:00,,mis/imp
2020-03-23 18:35:00,,mis/imp
2020-03-23 18:50:00,,mis/imp
2020-03-23 19:05:00,,mis/imp
2020-03-23 19:20:00,,mis/imp
2020-03-23 19:35:00,,mis/imp
2020-03-23 19:50:00,,mis/imp
2020-03-23 20:05:00,,mis/imp
2020-03-23 20:20:00,,mis/imp
2020-03-23 20:35:00,,mis/imp
2020-03-23 20:50:00,,mis/imp
2020-03-24 07:05:00,,mis/imp
2020-03-24 07:20:00,,mis/imp
2020-03-24 07:35:00,,mis/imp
2020-03-24 07:50:00,,mis/imp
2020-03-24 08:05:00,,mis/imp
2020-03-24 08:20:00,,mis/imp
2020-03-24 08:35:00,,mis/imp
2020-03-24 08:50:00,,mis/imp
2020-03-24 09:05:00,,mis/imp
2020-03-24 09:20:00,,mis/imp
2020-03-24 09:35:00,,mis/imp
2020-03-24 09:50:00,,mis/imp
2020-03-24 10:05:00,,mis/imp
2020-03-24 10:20:00,,mis/imp
2020-03-24 10:35:00,,mis/imp
2020-03-24 10:50:00,,mis/imp
2020-03-24 11:05:00,,mis/imp
2020-03-24 11:20:00,,mis/imp
2020-03-24 11:35:00,,mis/imp
2020-03-24 11:50:00,,mis/imp
2020-03-24 12:05:00,,mis/imp
2020-03-24 12:20:00,,mis/imp
2020-03-24 12:35:00,,mis/imp
2020-03-24 12:50:00,,mis/imp
2020-03-24 13:05:00,,mis/imp
2020-03-24 13:20:00,,mis/imp
2020-03-24 13:35:00,,mis/imp
2020-03-24 13:50:00,,mis/imp
2020-03-24 14:05:00,,mis/imp
2020-03-24 14:20:00,,mis/imp
2020-03-24 14:35:00,,mis/imp
2020-03-24 14:50:00,,mis/imp
2020-03-24 15:05:00,,mis/imp
2020-03-24 15:20:00,,mis/imp
2020-03-24 15:35:00,,mis/imp
2020-03-24 15:50:00,,mis/imp
2020-03-24 16:05:00,,mis/imp
2020-03-24 16:20:00,,mis/imp
2020-03-24 16:35:00,,mis/imp
2020-03-24 16:50:00,,mis/imp
2020-03-24 17:05:00,,mis/imp
2020-03-24 17:20:00,,mis/imp
2020-03-24 17:35:00,,mis/imp
2020-03-24 17:50:00,,mis/imp
2020-03-24 18:05:00,,mis/imp
2020-03-24 18:20:00,,mis/imp
2020-03-24 18:35:00,,mis/imp
2020-03-24 18:50:00,,mis/imp
2020-03-24 19:05:00,,mis/imp
2020-03-24 19:20:00,,mis/imp
2020-03-24 19:35:00,,mis/imp
2020-03-24 19:50:00,,mis/imp
2020-03-24 20:05:00,,mis/imp
2020-03-24 20:20:00,,mis/imp
2020-03-24 20:35:00,,mis/imp
2020-03-24 20:50:00,,mis/imp
2020-03-25 07:05:00,,mis/imp
2020-03-25 07:20:00,,mis/imp
2020-03-25 07:35:00,,mis/imp
2020-03-25 07:50:00,,mis/imp
2020-03-25 08:05:00,,mis/imp
2020-03-25 08:20:00,,mis/imp
2020-03-25 08:35:00,,mis/imp
2020-03-25 08:50:00,,mis/imp
2020-03-25 09:05:00,,mis/imp
2020-03-25 09:20:00,,mis/imp
2020-03-25 09:35:00,,mis/imp
2020-03-25 09:50:00,,mis/imp
2020-03-25 10:05:00,,mis/imp
2020-03-25 10:20:00,,mis/imp
2020-03-25 10:35:00,,mis/imp
2020-03-25 10:50:00,,mis/imp
2020-03-25 11:05:00,,mis/imp
2020-03-25 11:20:00,,mis/imp
2020-03-25 11:35:00,,mis/imp
2020-03-25 11:50:00,,mis/imp
2020-03-25 12:05:00,,mis/imp
2020-03-25 12:20:00,,mis/imp
2020-03-25 12:35:00,,mis/imp
2020-03-25 12:50:00,0.0,mis/imp
2020-03-25 13:05:00,0.0,obs
2020-03-25 13:20:00,0.0,mis/imp
2020-03-25 13:35:00,0.0,mis/imp
2020-03-25 13:50:00,,mis/imp
2020-03-25 14:05:00,,mis/imp
2020-03-25 14:20:00,,mis/imp
2020-03-25 14:35:00,,mis/imp
2020-03-25 14:50:00,,mis/imp
2020-03-25 15:05:00,,mis/imp
2020-03-25 15:20:00,1.0,mis/imp
2020-03-25 15:35:00,1.0,obs
2020-03-25 15:50:00,1.0,mis/imp
2020-03-25 16:05:00,1.0,mis/imp
2020-03-25 16:20:00,,mis/imp
2020-03-25 16:35:00,,mis/imp
2020-03-25 16:50:00,,mis/imp
2020-03-25 17:05:00,,mis/imp
2020-03-25 17:20:00,,mis/imp
2020-03-25 17:35:00,,mis/imp
2020-03-25 17:50:00,1.0,mis/imp
2020-03-25 18:05:00,1.0,obs
2020-03-25 18:20:00,1.0,mis/imp
2020-03-25 18:35:00,1.0,mis/imp
2020-03-25 18:50:00,,mis/imp
2020-03-25 19:05:00,,mis/imp
2020-03-25 19:20:00,,mis/imp
2020-03-25 19:35:00,,mis/imp
2020-03-25 19:50:00,,mis/imp
2020-03-25 20:05:00,,mis/imp
2020-03-25 20:20:00,,mis/imp
2020-03-25 20:35:00,,mis/imp
2020-03-25 20:50:00,,mis/imp
2020-03-26 07:05:00,,mis/imp
2020-03-26 07:20:00,,mis/imp
2020-03-26 07:35:00,,mis/imp
2020-03-26 07:50:00,,mis/imp
2020-03-26 08:05:00,,mis/imp
2020-03-26 08:20:00,,mis/imp
2020-03-26 08:35:00,,mis/imp
2020-03-26 08:50:00,,mis/imp
2020-03-26 09:05:00,,mis/imp
2020-03-26 09:20:00,,mis/imp
2020-03-26 09:35:00,,mis/imp
2020-03-26 09:50:00,,mis/imp
2020-03-26 10:05:00,,mis/imp
2020-03-26 10:20:00,,mis/imp
2020-03-26 10:35:00,,mis/imp
2020-03-26 10:50:00,,mis/imp
2020-03-26 11:05:00,,mis/imp
2020-03-26 11:20:00,,mis/imp
2020-03-26 11:35:00,,mis/imp
2020-03-26 11:50:00,,mis/imp
2020-03-26 12:05:00,,mis/imp
2020-03-26 12:20:00,,mis/imp
2020-03-26 12:35:00,,mis/imp
2020-03-26 12:50:00,,mis/imp
2020-03-26 13:05:00,,mis/imp
2020-03-26 13:20:00,,mis/imp
2020-03-26 13:35:00,,mis/imp
2020-03-26 13:50:00,,mis/imp
2020-03-26 14:05:00,,mis/imp
2020-03-26 14:20:00,,mis/imp
2020-03-26 14:35:00,,mis/imp
2020-03-26 14:50:00,,mis/imp
2020-03-26 15:05:00,,mis/imp
2020-03-26 15:20:00,,mis/imp
2020-03-26 15:35:00,,mis/imp
2020-03-26 15:50:00,0.0,mis/imp
2020-03-26 16:05:00,0.0,obs
2020-03-26 16:20:00,0.0,mis/imp
2020-03-26 16:35:00,0.0,mis/imp
2020-03-26 16:50:00,,mis/imp
2020-03-26 17:05:00,,mis/imp
2020-03-26 17:20:00,1.0,mis/imp
2020-03-26 17:35:00,1.0,obs
2020-03-26 17:50:00,1.0,mis/imp
2020-03-26 18:05:00,1.0,mis/imp
2020-03-26 18:20:00,,mis/imp
2020-03-26 18:35:00,,mis/imp
2020-03-26 18:50:00,,mis/imp
2020-03-26 19:05:00,,mis/imp
2020-03-26 19:20:00,1.0,mis/imp
2020-03-26 19:35:00,1.0,obs
2020-03-26 19:50:00,1.0,mis/imp
2020-03-26 20:05:00,1.0,mis/imp
2020-03-26 20:20:00,,mis/imp
2020-03-26 20:35:00,,mis/imp
2020-03-26 20:50:00,,mis/imp
2020-03-27 07:05:00,,mis/imp
2020-03-27 07:20:00,,mis/imp
2020-03-27 07:35:00,,mis/imp
2020-03-27 07:50:00,,mis/imp
2020-03-27 08:05:00,,mis/imp
2020-03-27 08:20:00,,mis/imp
2020-03-27 08:35:00,,mis/imp
2020-03-27 08:50:00,,mis/imp
2020-03-27 09:05:00,,mis/imp
2020-03-27 09:20:00,,mis/imp
2020-03-27 09:35:00,,mis/imp
2020-03-27 09:50:00,,mis/imp
2020-03-27 10:05:00,,mis/imp
2020-03-27 10:20:00,,mis/imp
2020-03-27 10:35:00,,mis/imp
2020-03-27 10:50:00,,mis/imp
2020-03-27 11:05:00,,mis/imp
2020-03-27 11:20:00,,mis/imp
2020-03-27 11:35:00,,mis/imp
2020-03-27 11:50:00,,mis/imp
2020-03-27 12:05:00,,mis/imp
2020-03-27 12:20:00,,mis/imp
2020-03-27 12:35:00,,mis/imp
2020-03-27 12:50:00,,mis/imp
2020-03-27 13:05:00,,mis/imp
2020-03-27 13:20:00,,mis/imp
2020-03-27 13:35:00,,mis/imp
2020-03-27 13:50:00,,mis/imp
2020-03-27 14:05:00,,mis/imp
2020-03-27 14:20:00,,mis/imp
2020-03-27 14:35:00,,mis/imp
2020-03-27 14:50:00,,mis/imp
2020-03-27 15:05:00,,mis/imp
2020-03-27 15:20:00,,mis/imp
2020-03-27 15:35:00,,mis/imp
2020-03-27 15:50:00,,mis/imp
2020-03-27 16:05:00,,mis/imp
2020-03-27 16:20:00,,mis/imp
2020-03-27 16:35:00,,mis/imp
2020-03-27 16:50:00,,mis/imp
2020-03-27 17:05:00,,mis/imp
2020-03-27 17:20:00,,mis/imp
2020-03-27 17:35:00,,mis/imp
2020-03-27 17:50:00,,mis/imp
2020-03-27 18:05:00,,mis/imp
2020-03-27 18:20:00,,mis/imp
2020-03-27 18:35:00,,mis/imp
2020-03-27 18:50:00,,mis/imp
2020-03-27 19:05:00,,mis/imp
2020-03-27 19:20:00,,mis/imp
2020-03-27 19:35:00,,mis/imp
2020-03-27 19:50:00,,mis/imp
2020-03-27 20:05:00,,mis/imp
2020-03-27 20:20:00,,mis/imp
2020-03-27 20:35:00,,mis/imp
2020-03-27 20:50:00,,mis/imp
2020-03-28 07:05:00,,mis/imp
2020-03-28 07:20:00,,mis/imp
2020-03-28 07:35:00,,mis/imp
2020-03-28 07:50:00,,mis/imp
2020-03-28 08:05:00,,mis/imp
2020-03-28 08:20:00,,mis/imp
2020-03-28 08:35:00,1.0,mis/imp
2020-03-28 08:50:00,1.0,obs
2020-03-28 09:05:00,1.0,mis/imp
2020-03-28 09:20:00,1.0,mis/imp
2020-03-28 09:35:00,,mis/imp
2020-03-28 09:50:00,,mis/imp
2020-03-28 10:05:00,,mis/imp
2020-03-28 10:20:00,,mis/imp
2020-03-28 10:35:00,,mis/imp
2020-03-28 10:50:00,,mis/imp
2020-03-28 11:05:00,,mis/imp
2020-03-28 11:20:00,,mis/imp
2020-03-28 11:35:00,,mis/imp
2020-03-28 11:50:00,,mis/imp
2020-03-28 12:05:00,,mis/imp
2020-03-28 12:20:00,,mis/imp
2020-03-28 12:35:00,,mis/imp
2020-03-28 12:50:00,,mis/imp
2020-03-28 13:05:00,,mis/imp
2020-03-28 13:20:00,,mis/imp
2020-03-28 13:35:00,,mis/imp
2020-03-28 13:50:00,,mis/imp
2020-03-28 14:05:00,,mis/imp
2020-03-28 14:20:00,,mis/imp
2020-03-28 14:35:00,,mis/imp
2020-03-28 14:50:00,,mis/imp
2020-03-28 15:05:00,,mis/imp
2020-03-28 15:20:00,,mis/imp
2020-03-28 15:35:00,,mis/imp
2020-03-28 15:50:00,,mis/imp
2020-03-28 16:05:00,,mis/imp
2020-03-28 16:20:00,,mis/imp
2020-03-28 16:35:00,,mis/imp
2020-03-28 16:50:00,,mis/imp
2020-03-28 17:05:00,,mis/imp
2020-03-28 17:20:00,,mis/imp
2020-03-28 17:35:00,,mis/imp
2020-03-28 17:50:00,,mis/imp
2020-03-28 18:05:00,,mis/imp
2020-03-28 18:20:00,,mis/imp
2020-03-28 18:35:00,,mis/imp
2020-03-28 18:50:00,,mis/imp
2020-03-28 19:05:00,,mis/imp
2020-03-28 19:20:00,,mis/imp
2020-03-28 19:35:00,,mis/imp
2020-03-28 19:50:00,,mis/imp
2020-03-28 20:05:00,,mis/imp
2020-03-28 20:20:00,,mis/imp
2020-03-28 20:35:00,,mis/imp
2020-03-28 20:50:00,,mis/imp
2020-03-29 07:05:00,,mis/imp
2020-03-29 07:20:00,,mis/imp
2020-03-29 07:35:00,,mis/imp
2020-03-29 07:50:00,,mis/imp
2020-03-29 08:05:00,,mis/imp
2020-03-29 08:20:00,,mis/imp
2020-03-29 08:35:00,,mis/imp
2020-03-29 08:50:00,,mis/imp
2020-03-29 09:05:00,,mis/imp
2020-03-29 09:20:00,,mis/imp
2020-03-29 09:35:00,,mis/imp
2020-03-29 09:50:00,,mis/imp
2020-03-29 10:05:00,,mis/imp
2020-03-29 10:20:00,,mis/imp
2020-03-29 10:35:00,1.0,mis/imp
2020-03-29 10:50:00,1.0,obs
2020-03-29 11:05:00,1.0,mis/imp
2020-03-29 11:20:00,1.0,mis/imp
2020-03-29 11:35:00,,mis/imp
2020-03-29 11:50:00,,mis/imp
2020-03-29 12:05:00,,mis/imp
2020-03-29 12:20:00,,mis/imp
2020-03-29 12:35:00,,mis/imp
2020-03-29 12:50:00,,mis/imp
2020-03-29 13:05:00,,mis/imp
2020-03-29 13:20:00,,mis/imp
2020-03-29 13:35:00,,mis/imp
2020-03-29 13:50:00,,mis/imp
2020-03-29 14:05:00,,mis/imp
2020-03-29 14:20:00,,mis/imp
2020-03-29 14:35:00,,mis/imp
2020-03-29 14:50:00,,mis/imp
2020-03-29 15:05:00,,mis/imp
2020-03-29 15:20:00,,mis/imp
2020-03-29 15:35:00,,mis/imp
2020-03-29 15:50:00,,mis/imp
2020-03-29 16:05:00,,mis/imp
2020-03-29 16:20:00,,mis/imp
2020-03-29 16:35:00,,mis/imp
2020-03-29 16:50:00,,mis/imp
2020-03-29 17:05:00,1.0,mis/imp
2020-03-29 17:20:00,1.0,obs
2020-03-29 17:35:00,1.0,mis/imp
2020-03-29 17:50:00,1.0,mis/imp
2020-03-29 18:05:00,,mis/imp
2020-03-29 18:20:00,,mis/imp
2020-03-29 18:35:00,,mis/imp
2020-03-29 18:50:00,,mis/imp
2020-03-29 19:05:00,,mis/imp
2020-03-29 19:20:00,,mis/imp
2020-03-29 19:35:00,,mis/imp
2020-03-29 19:50:00,,mis/imp
2020-03-29 20:05:00,,mis/imp
2020-03-29 20:20:00,,mis/imp
2020-03-29 20:35:00,,mis/imp
2020-03-29 20:50:00,,mis/imp
2020-03-30 07:05:00,,mis/imp
2020-03-30 07:20:00,,mis/imp
2020-03-30 07:35:00,,mis/imp
2020-03-30 07:50:00,,mis/imp
2020-03-30 08:05:00,,mis/imp
2020-03-30 08:20:00,,mis/imp
2020-03-30 08:35:00,,mis/imp
2020-03-30 08:50:00,,mis/imp
2020-03-30 09:05:00,,mis/imp
2020-03-30 09:20:00,,mis/imp
2020-03-30 09:35:00,,mis/imp
2020-03-30 09:50:00,,mis/imp
2020-03-30 10:05:00,,mis/imp
2020-03-30 10:20:00,,mis/imp
2020-03-30 10:35:00,,mis/imp
2020-03-30 10:50:00,,mis/imp
2020-03-30 11:05:00,,mis/imp
2020-03-30 11:20:00,,mis/imp
2020-03-30 11:35:00,,mis/imp
2020-03-30 11:50:00,,mis/imp
2020-03-30 12:05:00,,mis/imp
2020-03-30 12:20:00,,mis/imp
2020-03-30 12:35:00,,mis/imp
2020-03-30 12:50:00,,mis/imp
2020-03-30 13:05:00,,mis/imp
2020-03-30 13:20:00,,mis/imp
2020-03-30 13:35:00,,mis/imp
2020-03-30 13:50:00,,mis/imp
2020-03-30 14:05:00,,mis/imp
2020-03-30 14:20:00,,mis/imp
2020-03-30 14:35:00,,mis/imp
2020-03-30 14:50:00,,mis/imp
2020-03-30 15:05:00,,mis/imp
2020-03-30 15:20:00,,mis/imp
2020-03-30 15:35:00,,mis/imp
2020-03-30 15:50:00,,mis/imp
2020-03-30 16:05:00,,mis/imp
2020-03-30 16:20:00,,mis/imp
2020-03-30 16:35:00,,mis/imp
2020-03-30 16:50:00,,mis/imp
2020-03-30 17:05:00,,mis/imp
2020-03-30 17:20:00,,mis/imp
2020-03-30 17:35:00,,mis/imp
2020-03-30 17:50:00,,mis/imp
2020-03-30 18:05:00,,mis/imp
2020-03-30 18:20:00,,mis/imp
2020-03-30 18:35:00,,mis/imp
2020-03-30 18:50:00,,mis/imp
2020-03-30 19:05:00,,mis/imp
2020-03-30 19:20:00,,mis/imp
2020-03-30 19:35:00,,mis/imp
2020-03-30 19:50:00,,mis/imp
2020-03-30 20:05:00,,mis/imp
2020-03-30 20:20:00,,mis/imp
2020-03-30 20:35:00,,mis/imp
2020-03-30 20:50:00,,mis/imp
2020-03-31 07:05:00,,mis/imp
2020-03-31 07:20:00,,mis/imp
2020-03-31 07:35:00,,mis/imp
2020-03-31 07:50:00,,mis/imp
2020-03-31 08:05:00,,mis/imp
2020-03-31 08:20:00,,mis/imp
2020-03-31 08:35:00,,mis/imp
2020-03-31 08:50:00,,mis/imp
2020-03-31 09:05:00,,mis/imp
2020-03-31 09:20:00,,mis/imp
2020-03-31 09:35:00,,mis/imp
2020-03-31 09:50:00,,mis/imp
2020-03-31 10:05:00,,mis/imp
2020-03-31 10:20:00,,mis/imp
2020-03-31 10:35:00,,mis/imp
2020-03-31 10:50:00,,mis/imp
2020-03-31 11:05:00,,mis/imp
2020-03-31 11:20:00,,mis/imp
2020-03-31 11:35:00,,mis/imp
2020-03-31 11:50:00,,mis/imp
2020-03-31 12:05:00,0.0,mis/imp
2020-03-31 12:20:00,0.0,obs
2020-03-31 12:35:00,0.0,mis/imp
2020-03-31 12:50:00,0.0,mis/imp
2020-03-31 13:05:00,,mis/imp
2020-03-31 13:20:00,,mis/imp
2020-03-31 13:35:00,,mis/imp
2020-03-31 13:50:00,,mis/imp
2020-03-31 14:05:00,,mis/imp
2020-03-31 14:20:00,,mis/imp
2020-03-31 14:35:00,,mis/imp
2020-03-31 14:50:00,,mis/imp
2020-03-31 15:05:00,,mis/imp
2020-03-31 15:20:00,,mis/imp
2020-03-31 15:35:00,,mis/imp
2020-03-31 15:50:00,,mis/imp
2020-03-31 16:05:00,,mis/imp
2020-03-31 16:20:00,,mis/imp
2020-03-31 16:35:00,,mis/imp
2020-03-31 16:50:00,,mis/imp
2020-03-31 17:05:00,,mis/imp
2020-03-31 17:20:00,,mis/imp
2020-03-31 17:35:00,,mis/imp
2020-03-31 17:50:00,,mis/imp
2020-03-31 18:05:00,,mis/imp
2020-03-31 18:20:00,,mis/imp
2020-03-31 18:35:00,,mis/imp
2020-03-31 18:50:00,,mis/imp
2020-03-31 19:05:00,,mis/imp
2020-03-31 19:20:00,,mis/imp
2020-03-31 19:35:00,,mis/imp
2020-03-31 19:50:00,,mis/imp
2020-03-31 20:05:00,,mis/imp
2020-03-31 20:20:00,,mis/imp
2020-03-31 20:35:00,,mis/imp
2020-03-31 20:50:00,,mis/imp
2020-04-01 07:05:00,,mis/imp
2020-04-01 07:20:00,,mis/imp
2020-04-01 07:35:00,,mis/imp
2020-04-01 07:50:00,,mis/imp
2020-04-01 08:05:00,,mis/imp
2020-04-01 08:20:00,,mis/imp
2020-04-01 08:35:00,,mis/imp
2020-04-01 08:50:00,,mis/imp
2020-04-01 09:05:00,,mis/imp
2020-04-01 09:20:00,,mis/imp
2020-04-01 09:35:00,,mis/imp
2020-04-01 09:50:00,,mis/imp
2020-04-01 10:05:00,,mis/imp
2020-04-01 10:20:00,,mis/imp
2020-04-01 10:35:00,,mis/imp
2020-04-01 10:50:00,,mis/imp
2020-04-01 11:05:00,,mis/imp
2020-04-01 11:20:00,,mis/imp
2020-04-01 11:35:00,,mis/imp
2020-04-01 11:50:00,,mis/imp
2020-04-01 12:05:00,,mis/imp
2020-04-01 12:20:00,,mis/imp
2020-04-01 12:35:00,,mis/imp
2020-04-01 12:50:00,,mis/imp
2020-04-01 13:05:00,,mis/imp
2020-04-01 13:20:00,,mis/imp
2020-04-01 13:35:00,,mis/imp
2020-04-01 13:50:00,,mis/imp
2020-04-01 14:05:00,,mis/imp
2020-04-01 14:20:00,,mis/imp
2020-04-01 14:35:00,1.0,mis/imp
2020-04-01 14:50:00,1.0,obs
2020-04-01 15:05:00,0.5,mis/imp
2020-04-01 15:20:00,0.0,obs
2020-04-01 15:35:00,0.0,mis/imp
2020-04-01 15:50:00,0.0,mis/imp
2020-04-01 16:05:00,,mis/imp
2020-04-01 16:20:00,,mis/imp
2020-04-01 16:35:00,,mis/imp
2020-04-01 16:50:00,,mis/imp
2020-04-01 17:05:00,,mis/imp
2020-04-01 17:20:00,,mis/imp
2020-04-01 17:35:00,,mis/imp
2020-04-01 17:50:00,,mis/imp
2020-04-01 18:05:00,,mis/imp
2020-04-01 18:20:00,,mis/imp
2020-04-01 18:35:00,,mis/imp
2020-04-01 18:50:00,,mis/imp
2020-04-01 19:05:00,,mis/imp
2020-04-01 19:20:00,,mis/imp
2020-04-01 19:35:00,,mis/imp
2020-04-01 19:50:00,,mis/imp
2020-04-01 20:05:00,,mis/imp
2020-04-01 20:20:00,,mis/imp
2020-04-01 20:35:00,,mis/imp
2020-04-01 20:50:00,,mis/imp
2020-04-02 07:05:00,,mis/imp
2020-04-02 07:20:00,,mis/imp
2020-04-02 07:35:00,,mis/imp
2020-04-02 07:50:00,,mis/imp
2020-04-02 08:05:00,,mis/imp
2020-04-02 08:20:00,,mis/imp
2020-04-02 08:35:00,,mis/imp
2020-04-02 08:50:00,,mis/imp
2020-04-02 09:05:00,,mis/imp
2020-04-02 09:20:00,,mis/imp
2020-04-02 09:35:00,,mis/imp
2020-04-02 09:50:00,,mis/imp
2020-04-02 10:05:00,,mis/imp
2020-04-02 10:20:00,,mis/imp
2020-04-02 10:35:00,,mis/imp
2020-04-02 10:50:00,,mis/imp
2020-04-02 11:05:00,,mis/imp
2020-04-02 11:20:00,,mis/imp
2020-04-02 11:35:00,,mis/imp
2020-04-02 11:50:00,,mis/imp
2020-04-02 12:05:00,,mis/imp
2020-04-02 12:20:00,,mis/imp
2020-04-02 12:35:00,,mis/imp
2020-04-02 12:50:00,,mis/imp
2020-04-02 13:05:00,,mis/imp
2020-04-02 13:20:00,,mis/imp
2020-04-02 13:35:00,,mis/imp
2020-04-02 13:50:00,,mis/imp
2020-04-02 14:05:00,,mis/imp
2020-04-02 14:20:00,,mis/imp
2020-04-02 14:35:00,,mis/imp
2020-04-02 14:50:00,,mis/imp
2020-04-02 15:05:00,,mis/imp
2020-04-02 15:20:00,,mis/imp
2020-04-02 15:35:00,,mis/imp
2020-04-02 15:50:00,0.0,mis/imp
2020-04-02 16:05:00,0.0,obs
2020-04-02 16:20:00,0.0,mis/imp
2020-04-02 16:35:00,0.0,mis/imp
2020-04-02 16:50:00,0.0,obs
2020-04-02 17:05:00,,mis/imp
2020-04-02 17:20:00,,mis/imp
2020-04-02 17:35:00,1.0,mis/imp
2020-04-02 17:50:00,0.5,obs
2020-04-02 18:05:00,1.0,mis/imp
2020-04-02 18:20:00,1.0,mis/imp
2020-04-02 18:35:00,,mis/imp
2020-04-02 18:50:00,,mis/imp
2020-04-02 19:05:00,0.0,obs
2020-04-02 19:20:00,,mis/imp
2020-04-02 19:35:00,,mis/imp
2020-04-02 19:50:00,,mis/imp
2020-04-02 20:05:00,0.0,obs
2020-04-02 20:20:00,,mis/imp
2020-04-02 20:35:00,,mis/imp
2020-04-02 20:50:00,,mis/imp
2020-04-03 07:05:00,0.0,obs
2020-04-03 07:20:00,0.0,mis/imp
2020-04-03 07:35:00,0.0,mis/imp
2020-04-03 07:50:00,,mis/imp
2020-04-03 08:05:00,,mis/imp
2020-04-03 08:20:00,,mis/imp
2020-04-03 08:35:00,0.0,mis/imp
2020-04-03 08:50:00,0.0,obs
2020-04-03 09:05:00,0.0,mis/imp
2020-04-03 09:20:00,0.0,mis/imp
2020-04-03 09:35:00,,mis/imp
2020-04-03 09:50:00,0.0,mis/imp
2020-04-03 10:05:00,0.0,obs
2020-04-03 10:20:00,0.0,mis/imp
2020-04-03 10:35:00,0.0,mis/imp
2020-04-03 10:50:00,,mis/imp
2020-04-03 11:05:00,,mis/imp
2020-04-03 11:20:00,,mis/imp
2020-04-03 11:35:00,,mis/imp
2020-04-03 11:50:00,,mis/imp
2020-04-03 12:05:00,,mis/imp
2020-04-03 12:20:00,,mis/imp
2020-04-03 12:35:00,,mis/imp
2020-04-03 12:50:00,,mis/imp
2020-04-03 13:05:00,,mis/imp
2020-04-03 13:20:00,,mis/imp
2020-04-03 13:35:00,,mis/imp
2020-04-03 13:50:00,,mis/imp
2020-04-03 14:05:00,,mis/imp
2020-04-03 14:20:00,,mis/imp
2020-04-03 14:35:00,,mis/imp
2020-04-03 14:50:00,,mis/imp
2020-04-03 15:05:00,,mis/imp
2020-04-03 15:20:00,,mis/imp
2020-04-03 15:35:00,,mis/imp
2020-04-03 15:50:00,,mis/imp
2020-04-03 16:05:00,,mis/imp
2020-04-03 16:20:00,,mis/imp
2020-04-03 16:35:00,,mis/imp
2020-04-03 16:50:00,,mis/imp
2020-04-03 17:05:00,,mis/imp
2020-04-03 17:20:00,,mis/imp
2020-04-03 17:35:00,,mis/imp
2020-04-03 17:50:00,,mis/imp
2020-04-03 18:05:00,,mis/imp
2020-04-03 18:20:00,,mis/imp
2020-04-03 18:35:00,,mis/imp
2020-04-03 18:50:00,,mis/imp
2020-04-03 19:05:00,,mis/imp
2020-04-03 19:20:00,,mis/imp
2020-04-03 19:35:00,0.0,mis/imp
2020-04-03 19:50:00,0.0,obs
2020-04-03 20:05:00,0.0,mis/imp
2020-04-03 20:20:00,0.0,mis/imp
2020-04-03 20:35:00,,mis/imp
2020-04-03 20:50:00,,mis/imp
2020-04-04 07:05:00,0.0,mis/imp
2020-04-04 07:20:00,0.0,obs
2020-04-04 07:35:00,0.0,mis/imp
2020-04-04 07:50:00,0.0,mis/imp
2020-04-04 08:05:00,,mis/imp
2020-04-04 08:20:00,,mis/imp
2020-04-04 08:35:00,,mis/imp
2020-04-04 08:50:00,,mis/imp
2020-04-04 09:05:00,,mis/imp
2020-04-04 09:20:00,,mis/imp
2020-04-04 09:35:00,1.0,mis/imp
2020-04-04 09:50:00,0.5,obs
2020-04-04 10:05:00,1.0,mis/imp
2020-04-04 10:20:00,1.0,mis/imp
2020-04-04 10:35:00,1.0,mis/imp
2020-04-04 10:50:00,0.5,obs
2020-04-04 11:05:00,1.0,mis/imp
2020-04-04 11:20:00,0.0,obs
2020-04-04 11:35:00,,mis/imp
2020-04-04 11:50:00,0.0,mis/imp
2020-04-04 12:05:00,0.0,obs
2020-04-04 12:20:00,0.0,mis/imp
2020-04-04 12:35:00,0.0,mis/imp
2020-04-04 12:50:00,1.0,mis/imp
2020-04-04 13:05:00,0.5,obs
2020-04-04 13:20:00,1.0,mis/imp
2020-04-04 13:35:00,1.0,mis/imp
2020-04-04 13:50:00,1.0,mis/imp
2020-04-04 14:05:00,1.0,obs
2020-04-04 14:20:00,1.0,mis/imp
2020-04-04 14:35:00,1.0,mis/imp
2020-04-04 14:50:00,1.0,obs
2020-04-04 15:05:00,1.0,mis/imp
2020-04-04 15:20:00,1.0,mis/imp
2020-04-04 15:35:00,,mis/imp
2020-04-04 15:50:00,1.0,mis/imp
2020-04-04 16:05:00,1.0,obs
2020-04-04 16:20:00,0.5,obs
2020-04-04 16:35:00,0.6666666666666666,mis/imp
2020-04-04 16:50:00,0.5,mis/imp
2020-04-04 17:05:00,0.0,obs
2020-04-04 17:20:00,0.0,obs
2020-04-04 17:35:00,0.6666666666666666,mis/imp
2020-04-04 17:50:00,1.0,obs
2020-04-04 18:05:00,1.0,mis/imp
2020-04-04 18:20:00,1.0,mis/imp
2020-04-04 18:35:00,,mis/imp
2020-04-04 18:50:00,1.0,mis/imp
2020-04-04 19:05:00,1.0,obs
2020-04-04 19:20:00,0.6666666666666666,mis/imp
2020-04-04 19:35:00,0.0,obs
2020-04-04 19:50:00,0.0,mis/imp
2020-04-04 20:05:00,0.0,mis/imp
2020-04-04 20:20:00,,mis/imp
2020-04-04 20:35:00,,mis/imp
2020-04-04 20:50:00,,mis/imp
2020-04-05 07:05:00,,mis/imp
2020-04-05 07:20:00,,mis/imp
2020-04-05 07:35:00,,mis/imp
2020-04-05 07:50:00,,mis/imp
2020-04-05 08:05:00,,mis/imp
2020-04-05 08:20:00,,mis/imp
2020-04-05 08:35:00,,mis/imp
2020-04-05 08:50:00,0.0,mis/imp
2020-04-05 09:05:00,0.0,obs
2020-04-05 09:20:00,0.0,mis/imp
2020-04-05 09:35:00,0.0,mis/imp
2020-04-05 09:50:00,,mis/imp
2020-04-05 10:05:00,0.0,obs
2020-04-05 10:20:00,,mis/imp
2020-04-05 10:35:00,,mis/imp
2020-04-05 10:50:00,1.0,mis/imp
2020-04-05 11:05:00,0.5,obs
2020-04-05 11:20:00,1.0,mis/imp
2020-04-05 11:35:00,1.0,mis/imp
2020-04-05 11:50:00,,mis/imp
2020-04-05 12:05:00,,mis/imp
2020-04-05 12:20:00,,mis/imp
2020-04-05 12:35:00,,mis/imp
2020-04-05 12:50:00,1.0,mis/imp
2020-04-05 13:05:00,0.5,obs
2020-04-05 13:20:00,1.0,mis/imp
2020-04-05 13:35:00,1.0,mis/imp
2020-04-05 13:50:00,0.0,obs
2020-04-05 14:05:00,0.0,obs
2020-04-05 14:20:00,,mis/imp
2020-04-05 14:35:00,1.0,mis/imp
2020-04-05 14:50:00,1.0,obs
2020-04-05 15:05:00,1.0,obs
2020-04-05 15:20:00,1.0,mis/imp
2020-04-05 15:35:00,1.0,mis/imp
2020-04-05 15:50:00,1.0,obs
2020-04-05 16:05:00,1.0,mis/imp
2020-04-05 16:20:00,1.0,mis/imp
2020-04-05 16:35:00,0.3333333333333333,mis/imp
2020-04-05 16:50:00,0.3333333333333333,obs
2020-04-05 17:05:00,0.3333333333333333,mis/imp
2020-04-05 17:20:00,0.3333333333333333,mis/imp
2020-04-05 17:35:00,0.0,mis/imp
2020-04-05 17:50:00,0.0,obs
2020-04-05 18:05:00,0.5,obs
2020-04-05 18:20:00,0.8,mis/imp
2020-04-05 18:35:00,1.0,mis/imp
2020-04-05 18:50:00,,mis/imp
2020-04-05 19:05:00,,mis/imp
2020-04-05 19:20:00,0.0,mis/imp
2020-04-05 19:35:00,0.0,obs
2020-04-05 19:50:00,0.0,obs
2020-04-05 20:05:00,0.0,mis/imp
2020-04-05 20:20:00,0.0,mis/imp
2020-04-05 20:35:00,,mis/imp
2020-04-05 20:50:00,,mis/imp
2020-04-06 07:05:00,,mis/imp
2020-04-06 07:20:00,,mis/imp
2020-04-06 07:35:00,,mis/imp
2020-04-06 07:50:00,0.0,mis/imp
2020-04-06 08:05:00,0.0,obs
2020-04-06 08:20:00,0.0,mis/imp
2020-04-06 08:35:00,0.0,mis/imp
2020-04-06 08:50:00,,mis/imp
2020-04-06 09:05:00,0.0,obs
2020-04-06 09:20:00,,mis/imp
2020-04-06 09:35:00,,mis/imp
2020-04-06 09:50:00,,mis/imp
2020-04-06 10:05:00,,mis/imp
2020-04-06 10:20:00,,mis/imp
2020-04-06 10:35:00,0.0,obs
2020-04-06 10:50:00,0.0,obs
2020-04-06 11:05:00,0.0,mis/imp
2020-04-06 11:20:00,0.0,mis/imp
2020-04-06 11:35:00,,mis/imp
2020-04-06 11:50:00,,mis/imp
2020-04-06 12:05:00,0.0,obs
2020-04-06 12:20:00,,mis/imp
2020-04-06 12:35:00,1.0,mis/imp
2020-04-06 12:50:00,0.5,obs
2020-04-06 13:05:00,1.0,mis/imp
2020-04-06 13:20:00,1.0,obs
2020-04-06 13:35:00,1.0,mis/imp
2020-04-06 13:50:00,0.5,obs
2020-04-06 14:05:00,1.0,mis/imp
2020-04-06 14:20:00,1.0,obs
2020-04-06 14:35:00,1.0,mis/imp
2020-04-06 14:50:00,1.0,mis/imp
2020-04-06 15:05:00,1.0,obs
2020-04-06 15:20:00,1.0,mis/imp
2020-04-06 15:35:00,1.0,mis/imp
2020-04-06 15:50:00,1.0,mis/imp
2020-04-06 16:05:00,1.0,obs
2020-04-06 16:20:00,1.0,mis/imp
2020-04-06 16:35:00,1.0,obs
2020-04-06 16:50:00,0.75,mis/imp
2020-04-06 17:05:00,0.3333333333333333,obs
2020-04-06 17:20:00,0.6666666666666666,mis/imp
2020-04-06 17:35:00,0.7777777777777778,mis/imp
2020-04-06 17:50:00,1.0,obs
2020-04-06 18:05:00,1.0,mis/imp
2020-04-06 18:20:00,1.0,mis/imp
2020-04-06 18:35:00,,mis/imp
2020-04-06 18:50:00,0.0,mis/imp
2020-04-06 19:05:00,0.0,obs
2020-04-06 19:20:00,0.0,mis/imp
2020-04-06 19:35:00,0.0,obs
2020-04-06 19:50:00,0.0,mis/imp
2020-04-06 20:05:00,0.0,mis/imp
2020-04-06 20:20:00,,mis/imp
2020-04-06 20:35:00,,mis/imp
2020-04-06 20:50:00,,mis/imp
2020-04-07 07:05:00,,mis/imp
2020-04-07 07:20:00,,mis/imp
2020-04-07 07:35:00,,mis/imp
2020-04-07 07:50:00,0.0,mis/imp
2020-04-07 08:05:00,0.0,obs
2020-04-07 08:20:00,1.0,obs
2020-04-07 08:35:00,0.5,mis/imp
2020-04-07 08:50:00,1.0,mis/imp
2020-04-07 09:05:00,0.0,mis/imp
2020-04-07 09:20:00,0.0,obs
2020-04-07 09:35:00,0.0,mis/imp
2020-04-07 09:50:00,0.0,mis/imp
2020-04-07 10:05:00,,mis/imp
2020-04-07 10:20:00,0.0,obs
2020-04-07 10:35:00,,mis/imp
2020-04-07 10:50:00,,mis/imp
2020-04-07 11:05:00,0.0,mis/imp
2020-04-07 11:20:00,0.0,obs
2020-04-07 11:35:00,0.0,mis/imp
2020-04-07 11:50:00,0.0,mis/imp
2020-04-07 12:05:00,0.0,obs
2020-04-07 12:20:00,0.0,mis/imp
2020-04-07 12:35:00,0.6666666666666666,mis/imp
2020-04-07 12:50:00,0.5,obs
2020-04-07 13:05:00,1.0,mis/imp
2020-04-07 13:20:00,1.0,mis/imp
2020-04-07 13:35:00,,mis/imp
2020-04-07 13:50:00,1.0,mis/imp
2020-04-07 14:05:00,1.0,obs
2020-04-07 14:20:00,1.0,mis/imp
2020-04-07 14:35:00,1.0,mis/imp
2020-04-07 14:50:00,0.0,mis/imp
2020-04-07 15:05:00,0.0,obs
2020-04-07 15:20:00,0.0,mis/imp
2020-04-07 15:35:00,0.0,mis/imp
2020-04-07 15:50:00,1.0,mis/imp
2020-04-07 16:05:00,0.5,obs
2020-04-07 16:20:00,1.0,mis/imp
2020-04-07 16:35:00,1.0,mis/imp
2020-04-07 16:50:00,,mis/imp
2020-04-07 17:05:00,0.0,obs
2020-04-07 17:20:00,,mis/imp
2020-04-07 17:35:00,,mis/imp
2020-04-07 17:50:00,,mis/imp
2020-04-07 18:05:00,1.0,mis/imp
2020-04-07 18:20:00,0.6666666666666666,obs
2020-04-07 18:35:00,1.0,mis/imp
2020-04-07 18:50:00,1.0,mis/imp
2020-04-07 19:05:00,,mis/imp
2020-04-07 19:20:00,,mis/imp
2020-04-07 19:35:00,,mis/imp
2020-04-07 19:50:00,,mis/imp
2020-04-07 20:05:00,,mis/imp
2020-04-07 20:20:00,,mis/imp
2020-04-07 20:35:00,,mis/imp
2020-04-07 20:50:00,,mis/imp
2020-04-08 07:05:00,,mis/imp
2020-04-08 07:20:00,,mis/imp
2020-04-08 07:35:00,,mis/imp
2020-04-08 07:50:00,,mis/imp
2020-04-08 08:05:00,,mis/imp
2020-04-08 08:20:00,,mis/imp
2020-04-08 08:35:00,,mis/imp
2020-04-08 08:50:00,,mis/imp
2020-04-08 09:05:00,,mis/imp
2020-04-08 09:20:00,,mis/imp
2020-04-08 09:35:00,,mis/imp
2020-04-08 09:50:00,,mis/imp
2020-04-08 10:05:00,,mis/imp
2020-04-08 10:20:00,,mis/imp
2020-04-08 10:35:00,,mis/imp
2020-04-08 10:50:00,,mis/imp
2020-04-08 11:05:00,,mis/imp
2020-04-08 11:20:00,,mis/imp
2020-04-08 11:35:00,,mis/imp
2020-04-08 11:50:00,,mis/imp
2020-04-08 12:05:00,,mis/imp
2020-04-08 12:20:00,,mis/imp
2020-04-08 12:35:00,,mis/imp
2020-04-08 12:50:00,,mis/imp
2020-04-08 13:05:00,,mis/imp
2020-04-08 13:20:00,,mis/imp
2020-04-08 13:35:00,,mis/imp
2020-04-08 13:50:00,,mis/imp
2020-04-08 14:05:00,,mis/imp
2020-04-08 14:20:00,,mis/imp
2020-04-08 14:35:00,,mis/imp
2020-04-08 14:50:00,,mis/imp
2020-04-08 15:05:00,,mis/imp
2020-04-08 15:20:00,,mis/imp
2020-04-08 15:35:00,,mis/imp
2020-04-08 15:50:00,,mis/imp
2020-04-08 16:05:00,,mis/imp
2020-04-08 16:20:00,,mis/imp
2020-04-08 16:35:00,,mis/imp
2020-04-08 16:50:00,,mis/imp
2020-04-08 17:05:00,,mis/imp
2020-04-08 17:20:00,,mis/imp
2020-04-08 17:35:00,,mis/imp
2020-04-08 17:50:00,1.0,mis/imp
2020-04-08 18:05:00,1.0,obs
2020-04-08 18:20:00,1.0,obs
2020-04-08 18:35:00,1.0,mis/imp
2020-04-08 18:50:00,1.0,mis/imp
2020-04-08 19:05:00,1.0,mis/imp
2020-04-08 19:20:00,1.0,obs
2020-04-08 19:35:00,1.0,mis/imp
2020-04-08 19:50:00,1.0,mis/imp
2020-04-08 20:05:00,,mis/imp
2020-04-08 20:20:00,,mis/imp
2020-04-08 20:35:00,,mis/imp
2020-04-08 20:50:00,,mis/imp
2020-04-09 07:05:00,,mis/imp
2020-04-09 07:20:00,,mis/imp
2020-04-09 07:35:00,,mis/imp
2020-04-09 07:50:00,,mis/imp
2020-04-09 08:05:00,,mis/imp
2020-04-09 08:20:00,,mis/imp
2020-04-09 08:35:00,,mis/imp
2020-04-09 08:50:00,,mis/imp
2020-04-09 09:05:00,,mis/imp
2020-04-09 09:20:00,,mis/imp
2020-04-09 09:35:00,,mis/imp
2020-04-09 09:50:00,,mis/imp
2020-04-09 10:05:00,,mis/imp
2020-04-09 10:20:00,,mis/imp
2020-04-09 10:35:00,,mis/imp
2020-04-09 10:50:00,,mis/imp
2020-04-09 11:05:00,,mis/imp
2020-04-09 11:20:00,,mis/imp
2020-04-09 11:35:00,,mis/imp
2020-04-09 11:50:00,0.0,mis/imp
2020-04-09 12:05:00,0.0,obs
2020-04-09 12:20:00,0.0,mis/imp
2020-04-09 12:35:00,0.0,mis/imp
2020-04-09 12:50:00,,mis/imp
2020-04-09 13:05:00,,mis/imp
2020-04-09 13:20:00,,mis/imp
2020-04-09 13:35:00,,mis/imp
2020-04-09 13:50:00,,mis/imp
2020-04-09 14:05:00,,mis/imp
2020-04-09 14:20:00,,mis/imp
2020-04-09 14:35:00,,mis/imp
2020-04-09 14:50:00,,mis/imp
2020-04-09 15:05:00,,mis/imp
2020-04-09 15:20:00,,mis/imp
2020-04-09 15:35:00,,mis/imp
2020-04-09 15:50:00,,mis/imp
2020-04-09 16:05:00,,mis/imp
2020-04-09 16:20:00,,mis/imp
2020-04-09 16:35:00,,mis/imp
2020-04-09 16:50:00,,mis/imp
2020-04-09 17:05:00,,mis/imp
2020-04-09 17:20:00,,mis/imp
2020-04-09 17:35:00,,mis/imp
2020-04-09 17:50:00,,mis/imp
2020-04-09 18:05:00,1.0,mis/imp
2020-04-09 18:20:00,1.0,obs
2020-04-09 18:35:00,1.0,mis/imp
2020-04-09 18:50:00,1.0,mis/imp
2020-04-09 19:05:00,,mis/imp
2020-04-09 19:20:00,,mis/imp
2020-04-09 19:35:00,,mis/imp
2020-04-09 19:50:00,,mis/imp
2020-04-09 20:05:00,,mis/imp
2020-04-09 20:20:00,,mis/imp
2020-04-09 20:35:00,,mis/imp
2020-04-09 20:50:00,,mis/imp
2020-04-10 07:05:00,,mis/imp
2020-04-10 07:20:00,,mis/imp
2020-04-10 07:35:00,,mis/imp
2020-04-10 07:50:00,,mis/imp
2020-04-10 08:05:00,,mis/imp
2020-04-10 08:20:00,,mis/imp
2020-04-10 08:35:00,,mis/imp
2020-04-10 08:50:00,,mis/imp
2020-04-10 09:05:00,,mis/imp
2020-04-10 09:20:00,,mis/imp
2020-04-10 09:35:00,,mis/imp
2020-04-10 09:50:00,,mis/imp
2020-04-10 10:05:00,,mis/imp
2020-04-10 10:20:00,,mis/imp
2020-04-10 10:35:00,,mis/imp
2020-04-10 10:50:00,,mis/imp
2020-04-10 11:05:00,,mis/imp
2020-04-10 11:20:00,,mis/imp
2020-04-10 11:35:00,,mis/imp
2020-04-10 11:50:00,,mis/imp
2020-04-10 12:05:00,,mis/imp
2020-04-10 12:20:00,,mis/imp
2020-04-10 12:35:00,,mis/imp
2020-04-10 12:50:00,,mis/imp
2020-04-10 13:05:00,,mis/imp
2020-04-10 13:20:00,,mis/imp
2020-04-10 13:35:00,0.0,mis/imp
2020-04-10 13:50:00,0.0,obs
2020-04-10 14:05:00,0.0,mis/imp
2020-04-10 14:20:00,0.0,mis/imp
2020-04-10 14:35:00,,mis/imp
2020-04-10 14:50:00,,mis/imp
2020-04-10 15:05:00,,mis/imp
2020-04-10 15:20:00,,mis/imp
2020-04-10 15:35:00,,mis/imp
2020-04-10 15:50:00,,mis/imp
2020-04-10 16:05:00,,mis/imp
2020-04-10 16:20:00,,mis/imp
2020-04-10 16:35:00,,mis/imp
2020-04-10 16:50:00,,mis/imp
2020-04-10 17:05:00,,mis/imp
2020-04-10 17:20:00,,mis/imp
2020-04-10 17:35:00,,mis/imp
2020-04-10 17:50:00,,mis/imp
2020-04-10 18:05:00,,mis/imp
2020-04-10 18:20:00,,mis/imp
2020-04-10 18:35:00,,mis/imp
2020-04-10 18:50:00,,mis/imp
2020-04-10 19:05:00,,mis/imp
2020-04-10 19:20:00,,mis/imp
2020-04-10 19:35:00,,mis/imp
2020-04-10 19:50:00,,mis/imp
2020-04-10 20:05:00,,mis/imp
2020-04-10 20:20:00,,mis/imp
2020-04-10 20:35:00,,mis/imp
2020-04-10 20:50:00,,mis/imp
2020-04-11 07:05:00,,mis/imp
2020-04-11 07:20:00,,mis/imp
2020-04-11 07:35:00,,mis/imp
2020-04-11 07:50:00,,mis/imp
2020-04-11 08:05:00,,mis/imp
2020-04-11 08:20:00,,mis/imp
2020-04-11 08:35:00,,mis/imp
2020-04-11 08:50:00,,mis/imp
2020-04-11 09:05:00,,mis/imp
2020-04-11 09:20:00,,mis/imp
2020-04-11 09:35:00,,mis/imp
2020-04-11 09:50:00,,mis/imp
2020-04-11 10:05:00,,mis/imp
2020-04-11 10:20:00,,mis/imp
2020-04-11 10:35:00,,mis/imp
2020-04-11 10:50:00,,mis/imp
2020-04-11 11:05:00,,mis/imp
2020-04-11 11:20:00,,mis/imp
2020-04-11 11:35:00,,mis/imp
2020-04-11 11:50:00,,mis/imp
2020-04-11 12:05:00,,mis/imp
2020-04-11 12:20:00,,mis/imp
2020-04-11 12:35:00,,mis/imp
2020-04-11 12:50:00,,mis/imp
2020-04-11 13:05:00,,mis/imp
2020-04-11 13:20:00,,mis/imp
2020-04-11 13:35:00,,mis/imp
2020-04-11 13:50:00,,mis/imp
2020-04-11 14:05:00,,mis/imp
2020-04-11 14:20:00,,mis/imp
2020-04-11 14:35:00,,mis/imp
2020-04-11 14:50:00,,mis/imp
2020-04-11 15:05:00,,mis/imp
2020-04-11 15:20:00,,mis/imp
2020-04-11 15:35:00,,mis/imp
2020-04-11 15:50:00,,mis/imp
2020-04-11 16:05:00,1.0,mis/imp
2020-04-11 16:20:00,1.0,obs
2020-04-11 16:35:00,1.0,mis/imp
2020-04-11 16:50:00,1.0,mis/imp
2020-04-11 17:05:00,,mis/imp
2020-04-11 17:20:00,,mis/imp
2020-04-11 17:35:00,,mis/imp
2020-04-11 17:50:00,,mis/imp
2020-04-11 18:05:00,,mis/imp
2020-04-11 18:20:00,,mis/imp
2020-04-11 18:35:00,,mis/imp
2020-04-11 18:50:00,,mis/imp
2020-04-11 19:05:00,,mis/imp
2020-04-11 19:20:00,,mis/imp
2020-04-11 19:35:00,0.0,mis/imp
2020-04-11 19:50:00,0.0,obs
2020-04-11 20:05:00,0.0,mis/imp
2020-04-11 20:20:00,0.0,mis/imp
2020-04-11 20:35:00,,mis/imp
2020-04-11 20:50:00,,mis/imp
2020-04-12 07:05:00,,mis/imp
2020-04-12 07:20:00,,mis/imp
2020-04-12 07:35:00,,mis/imp
2020-04-12 07:50:00,,mis/imp
2020-04-12 08:05:00,,mis/imp
2020-04-12 08:20:00,,mis/imp
2020-04-12 08:35:00,,mis/imp
2020-04-12 08:50:00,,mis/imp
2020-04-12 09:05:00,,mis/imp
2020-04-12 09:20:00,,mis/imp
2020-04-12 09:35:00,,mis/imp
2020-04-12 09:50:00,,mis/imp
2020-04-12 10:05:00,,mis/imp
2020-04-12 10:20:00,,mis/imp
2020-04-12 10:35:00,0.0,mis/imp
2020-04-12 10:50:00,0.0,obs
2020-04-12 11:05:00,0.0,mis/imp
2020-04-12 11:20:00,0.0,mis/imp
2020-04-12 11:35:00,,mis/imp
2020-04-12 11:50:00,,mis/imp
2020-04-12 12:05:00,,mis/imp
2020-04-12 12:20:00,,mis/imp
2020-04-12 12:35:00,,mis/imp
2020-04-12 12:50:00,,mis/imp
2020-04-12 13:05:00,,mis/imp
2020-04-12 13:20:00,,mis/imp
2020-04-12 13:35:00,,mis/imp
2020-04-12 13:50:00,,mis/imp
2020-04-12 14:05:00,,mis/imp
2020-04-12 14:20:00,,mis/imp
2020-04-12 14:35:00,,mis/imp
2020-04-12 14:50:00,,mis/imp
2020-04-12 15:05:00,,mis/imp
2020-04-12 15:20:00,,mis/imp
2020-04-12 15:35:00,,mis/imp
2020-04-12 15:50:00,,mis/imp
2020-04-12 16:05:00,,mis/imp
2020-04-12 16:20:00,,mis/imp
2020-04-12 16:35:00,,mis/imp
2020-04-12 16:50:00,,mis/imp
2020-04-12 17:05:00,,mis/imp
2020-04-12 17:20:00,,mis/imp
2020-04-12 17:35:00,,mis/imp
2020-04-12 17:50:00,,mis/imp
2020-04-12 18:05:00,,mis/imp
2020-04-12 18:20:00,,mis/imp
2020-04-12 18:35:00,,mis/imp
2020-04-12 18:50:00,,mis/imp
2020-04-12 19:05:00,,mis/imp
2020-04-12 19:20:00,,mis/imp
2020-04-12 19:35:00,,mis/imp
2020-04-12 19:50:00,,mis/imp
2020-04-12 20:05:00,,mis/imp
2020-04-12 20:20:00,,mis/imp
2020-04-12 20:35:00,,mis/imp
2020-04-12 20:50:00,,mis/imp
2020-04-13 07:05:00,,mis/imp
2020-04-13 07:20:00,,mis/imp
2020-04-13 07:35:00,,mis/imp
2020-04-13 07:50:00,,mis/imp
2020-04-13 08:05:00,,mis/imp
2020-04-13 08:20:00,,mis/imp
2020-04-13 08:35:00,,mis/imp
2020-04-13 08:50:00,,mis/imp
2020-04-13 09:05:00,,mis/imp
2020-04-13 09:20:00,,mis/imp
2020-04-13 09:35:00,,mis/imp
2020-04-13 09:50:00,,mis/imp
2020-04-13 10:05:00,,mis/imp
2020-04-13 10:20:00,,mis/imp
2020-04-13 10:35:00,,mis/imp
2020-04-13 10:50:00,,mis/imp
2020-04-13 11:05:00,,mis/imp
2020-04-13 11:20:00,,mis/imp
2020-04-13 11:35:00,,mis/imp
2020-04-13 11:50:00,1.0,mis/imp
2020-04-13 12:05:00,1.0,obs
2020-04-13 12:20:00,1.0,mis/imp
2020-04-13 12:35:00,1.0,mis/imp
2020-04-13 12:50:00,,mis/imp
2020-04-13 13:05:00,,mis/imp
2020-04-13 13:20:00,,mis/imp
2020-04-13 13:35:00,,mis/imp
2020-04-13 13:50:00,,mis/imp
2020-04-13 14:05:00,,mis/imp
2020-04-13 14:20:00,,mis/imp
2020-04-13 14:35:00,,mis/imp
2020-04-13 14:50:00,,mis/imp
2020-04-13 15:05:00,,mis/imp
2020-04-13 15:20:00,,mis/imp
2020-04-13 15:35:00,,mis/imp
2020-04-13 15:50:00,,mis/imp
2020-04-13 16:05:00,,mis/imp
2020-04-13 16:20:00,,mis/imp
2020-04-13 16:35:00,,mis/imp
2020-04-13 16:50:00,,mis/imp
2020-04-13 17:05:00,,mis/imp
2020-04-13 17:20:00,,mis/imp
2020-04-13 17:35:00,,mis/imp
2020-04-13 17:50:00,,mis/imp
2020-04-13 18:05:00,,mis/imp
2020-04-13 18:20:00,,mis/imp
2020-04-13 18:35:00,,mis/imp
2020-04-13 18:50:00,,mis/imp
2020-04-13 19:05:00,,mis/imp
2020-04-13 19:20:00,,mis/imp
2020-04-13 19:35:00,,mis/imp
2020-04-13 19:50:00,,mis/imp
2020-04-13 20:05:00,,mis/imp
2020-04-13 20:20:00,,mis/imp
2020-04-13 20:35:00,,mis/imp
2020-04-13 20:50:00,,mis/imp
2020-04-14 07:05:00,,mis/imp
2020-04-14 07:20:00,,mis/imp
2020-04-14 07:35:00,,mis/imp
2020-04-14 07:50:00,,mis/imp
2020-04-14 08:05:00,,mis/imp
2020-04-14 08:20:00,,mis/imp
2020-04-14 08:35:00,,mis/imp
2020-04-14 08:50:00,,mis/imp
2020-04-14 09:05:00,,mis/imp
2020-04-14 09:20:00,,mis/imp
2020-04-14 09:35:00,,mis/imp
2020-04-14 09:50:00,,mis/imp
2020-04-14 10:05:00,,mis/imp
2020-04-14 10:20:00,,mis/imp
2020-04-14 10:35:00,,mis/imp
2020-04-14 10:50:00,,mis/imp
2020-04-14 11:05:00,,mis/imp
2020-04-14 11:20:00,,mis/imp
2020-04-14 11:35:00,,mis/imp
2020-04-14 11:50:00,,mis/imp
2020-04-14 12:05:00,,mis/imp
2020-04-14 12:20:00,1.0,mis/imp
2020-04-14 12:35:00,1.0,obs
2020-04-14 12:50:00,1.0,mis/imp
2020-04-14 13:05:00,1.0,mis/imp
2020-04-14 13:20:00,,mis/imp
2020-04-14 13:35:00,,mis/imp
2020-04-14 13:50:00,,mis/imp
2020-04-14 14:05:00,,mis/imp
2020-04-14 14:20:00,,mis/imp
2020-04-14 14:35:00,,mis/imp
2020-04-14 14:50:00,,mis/imp
2020-04-14 15:05:00,,mis/imp
2020-04-14 15:20:00,,mis/imp
2020-04-14 15:35:00,,mis/imp
2020-04-14 15:50:00,,mis/imp
2020-04-14 16:05:00,,mis/imp
2020-04-14 16:20:00,,mis/imp
2020-04-14 16:35:00,,mis/imp
2020-04-14 16:50:00,,mis/imp
2020-04-14 17:05:00,,mis/imp
2020-04-14 17:20:00,,mis/imp
2020-04-14 17:35:00,,mis/imp
2020-04-14 17:50:00,,mis/imp
2020-04-14 18:05:00,,mis/imp
2020-04-14 18:20:00,,mis/imp
2020-04-14 18:35:00,,mis/imp
2020-04-14 18:50:00,0.0,mis/imp
2020-04-14 19:05:00,0.0,obs
2020-04-14 19:20:00,0.0,mis/imp
2020-04-14 19:35:00,0.0,mis/imp
2020-04-14 19:50:00,,mis/imp
2020-04-14 20:05:00,,mis/imp
2020-04-14 20:20:00,,mis/imp
2020-04-14 20:35:00,,mis/imp
2020-04-14 20:50:00,,mis/imp
2020-04-15 07:05:00,,mis/imp
2020-04-15 07:20:00,,mis/imp
2020-04-15 07:35:00,,mis/imp
2020-04-15 07:50:00,,mis/imp
2020-04-15 08:05:00,,mis/imp
2020-04-15 08:20:00,,mis/imp
2020-04-15 08:35:00,0.0,mis/imp
2020-04-15 08:50:00,0.0,obs
2020-04-15 09:05:00,0.0,mis/imp
2020-04-15 09:20:00,0.0,mis/imp
2020-04-15 09:35:00,,mis/imp
2020-04-15 09:50:00,,mis/imp
2020-04-15 10:05:00,,mis/imp
2020-04-15 10:20:00,,mis/imp
2020-04-15 10:35:00,,mis/imp
2020-04-15 10:50:00,,mis/imp
2020-04-15 11:05:00,,mis/imp
2020-04-15 11:20:00,,mis/imp
2020-04-15 11:35:00,,mis/imp
2020-04-15 11:50:00,,mis/imp
2020-04-15 12:05:00,,mis/imp
2020-04-15 12:20:00,,mis/imp
2020-04-15 12:35:00,,mis/imp
2020-04-15 12:50:00,,mis/imp
2020-04-15 13:05:00,,mis/imp
2020-04-15 13:20:00,,mis/imp
2020-04-15 13:35:00,,mis/imp
2020-04-15 13:50:00,,mis/imp
2020-04-15 14:05:00,,mis/imp
2020-04-15 14:20:00,,mis/imp
2020-04-15 14:35:00,,mis/imp
2020-04-15 14:50:00,,mis/imp
2020-04-15 15:05:00,,mis/imp
2020-04-15 15:20:00,,mis/imp
2020-04-15 15:35:00,,mis/imp
2020-04-15 15:50:00,,mis/imp
2020-04-15 16:05:00,,mis/imp
2020-04-15 16:20:00,,mis/imp
2020-04-15 16:35:00,1.0,mis/imp
2020-04-15 16:50:00,1.0,obs
2020-04-15 17:05:00,1.0,mis/imp
2020-04-15 17:20:00,1.0,mis/imp
2020-04-15 17:35:00,0.0,mis/imp
2020-04-15 17:50:00,0.0,obs
2020-04-15 18:05:00,0.0,mis/imp
2020-04-15 18:20:00,0.0,mis/imp
2020-04-15 18:35:00,,mis/imp
2020-04-15 18:50:00,,mis/imp
2020-04-15 19:05:00,,mis/imp
2020-04-15 19:20:00,,mis/imp
2020-04-15 19:35:00,,mis/imp
2020-04-15 19:50:00,,mis/imp
2020-04-15 20:05:00,,mis/imp
2020-04-15 20:20:00,,mis/imp
2020-04-15 20:35:00,,mis/imp
2020-04-15 20:50:00,,mis/imp
2020-04-16 07:05:00,,mis/imp
2020-04-16 07:20:00,,mis/imp
2020-04-16 07:35:00,1.0,mis/imp
2020-04-16 07:50:00,1.0,obs
2020-04-16 08:05:00,1.0,mis/imp
2020-04-16 08:20:00,1.0,mis/imp
2020-04-16 08:35:00,0.0,mis/imp
2020-04-16 08:50:00,0.0,obs
2020-04-16 09:05:00,0.0,mis/imp
2020-04-16 09:20:00,0.0,mis/imp
2020-04-16 09:35:00,,mis/imp
2020-04-16 09:50:00,,mis/imp
2020-04-16 10:05:00,,mis/imp
2020-04-16 10:20:00,,mis/imp
2020-04-16 10:35:00,,mis/imp
2020-04-16 10:50:00,,mis/imp
2020-04-16 11:05:00,,mis/imp
2020-04-16 11:20:00,,mis/imp
2020-04-16 11:35:00,,mis/imp
2020-04-16 11:50:00,,mis/imp
2020-04-16 12:05:00,,mis/imp
2020-04-16 12:20:00,,mis/imp
2020-04-16 12:35:00,,mis/imp
2020-04-16 12:50:00,,mis/imp
2020-04-16 13:05:00,,mis/imp
2020-04-16 13:20:00,,mis/imp
2020-04-16 13:35:00,,mis/imp
2020-04-16 13:50:00,,mis/imp
2020-04-16 14:05:00,,mis/imp
2020-04-16 14:20:00,,mis/imp
2020-04-16 14:35:00,,mis/imp
2020-04-16 14:50:00,,mis/imp
2020-04-16 15:05:00,1.0,mis/imp
2020-04-16 15:20:00,1.0,obs
2020-04-16 15:35:00,1.0,mis/imp
2020-04-16 15:50:00,1.0,mis/imp
2020-04-16 16:05:00,,mis/imp
2020-04-16 16:20:00,,mis/imp
2020-04-16 16:35:00,,mis/imp
2020-04-16 16:50:00,,mis/imp
2020-04-16 17:05:00,,mis/imp
2020-04-16 17:20:00,,mis/imp
2020-04-16 17:35:00,,mis/imp
2020-04-16 17:50:00,,mis/imp
2020-04-16 18:05:00,1.0,mis/imp
2020-04-16 18:20:00,1.0,obs
2020-04-16 18:35:00,1.0,mis/imp
2020-04-16 18:50:00,1.0,mis/imp
2020-04-16 19:05:00,,mis/imp
2020-04-16 19:20:00,,mis/imp
2020-04-16 19:35:00,,mis/imp
2020-04-16 19:50:00,,mis/imp
2020-04-16 20:05:00,,mis/imp
2020-04-16 20:20:00,,mis/imp
2020-04-16 20:35:00,,mis/imp
2020-04-16 20:50:00,,mis/imp
2020-04-17 07:05:00,,mis/imp
2020-04-17 07:20:00,,mis/imp
2020-04-17 07:35:00,,mis/imp
2020-04-17 07:50:00,,mis/imp
2020-04-17 08:05:00,,mis/imp
2020-04-17 08:20:00,,mis/imp
2020-04-17 08:35:00,,mis/imp
2020-04-17 08:50:00,,mis/imp
2020-04-17 09:05:00,,mis/imp
2020-04-17 09:20:00,,mis/imp
2020-04-17 09:35:00,,mis/imp
2020-04-17 09:50:00,,mis/imp
2020-04-17 10:05:00,0.0,mis/imp
2020-04-17 10:20:00,0.0,obs
2020-04-17 10:35:00,0.0,mis/imp
2020-04-17 10:50:00,0.0,mis/imp
2020-04-17 11:05:00,,mis/imp
2020-04-17 11:20:00,,mis/imp
2020-04-17 11:35:00,,mis/imp
2020-04-17 11:50:00,1.0,mis/imp
2020-04-17 12:05:00,1.0,obs
2020-04-17 12:20:00,1.0,mis/imp
2020-04-17 12:35:00,1.0,mis/imp
2020-04-17 12:50:00,,mis/imp
2020-04-17 13:05:00,,mis/imp
2020-04-17 13:20:00,,mis/imp
2020-04-17 13:35:00,,mis/imp
2020-04-17 13:50:00,,mis/imp
2020-04-17 14:05:00,,mis/imp
2020-04-17 14:20:00,,mis/imp
2020-04-17 14:35:00,,mis/imp
2020-04-17 14:50:00,,mis/imp
2020-04-17 15:05:00,,mis/imp
2020-04-17 15:20:00,,mis/imp
2020-04-17 15:35:00,0.0,mis/imp
2020-04-17 15:50:00,0.0,obs
2020-04-17 16:05:00,0.0,mis/imp
2020-04-17 16:20:00,0.0,mis/imp
2020-04-17 16:35:00,1.0,mis/imp
2020-04-17 16:50:00,1.0,obs
2020-04-17 17:05:00,1.0,mis/imp
2020-04-17 17:20:00,1.0,mis/imp
2020-04-17 17:35:00,,mis/imp
2020-04-17 17:50:00,,mis/imp
2020-04-17 18:05:00,,mis/imp
2020-04-17 18:20:00,0.0,mis/imp
2020-04-17 18:35:00,0.0,obs
2020-04-17 18:50:00,0.0,mis/imp
2020-04-17 19:05:00,0.0,mis/imp
2020-04-17 19:20:00,,mis/imp
2020-04-17 19:35:00,,mis/imp
2020-04-17 19:50:00,,mis/imp
2020-04-17 20:05:00,,mis/imp
2020-04-17 20:20:00,,mis/imp
2020-04-17 20:35:00,,mis/imp
2020-04-17 20:50:00,,mis/imp
2020-04-18 07:05:00,0.0,obs
2020-04-18 07:20:00,0.0,mis/imp
2020-04-18 07:35:00,0.0,mis/imp
2020-04-18 07:50:00,,mis/imp
2020-04-18 08:05:00,,mis/imp
2020-04-18 08:20:00,,mis/imp
2020-04-18 08:35:00,,mis/imp
2020-04-18 08:50:00,,mis/imp
2020-04-18 09:05:00,,mis/imp
2020-04-18 09:20:00,,mis/imp
2020-04-18 09:35:00,,mis/imp
2020-04-18 09:50:00,,mis/imp
2020-04-18 10:05:00,,mis/imp
2020-04-18 10:20:00,,mis/imp
2020-04-18 10:35:00,,mis/imp
2020-04-18 10:50:00,,mis/imp
2020-04-18 11:05:00,,mis/imp
2020-04-18 11:20:00,,mis/imp
2020-04-18 11:35:00,,mis/imp
2020-04-18 11:50:00,,mis/imp
2020-04-18 12:05:00,,mis/imp
2020-04-18 12:20:00,,mis/imp
2020-04-18 12:35:00,0.5,mis/imp
2020-04-18 12:50:00,0.5,obs
2020-04-18 13:05:00,0.75,mis/imp
2020-04-18 13:20:00,1.0,obs
2020-04-18 13:35:00,1.0,mis/imp
2020-04-18 13:50:00,1.0,mis/imp
2020-04-18 14:05:00,,mis/imp
2020-04-18 14:20:00,,mis/imp
2020-04-18 14:35:00,,mis/imp
2020-04-18 14:50:00,,mis/imp
2020-04-18 15:05:00,,mis/imp
2020-04-18 15:20:00,,mis/imp
2020-04-18 15:35:00,,mis/imp
2020-04-18 15:50:00,,mis/imp
2020-04-18 16:05:00,,mis/imp
2020-04-18 16:20:00,1.0,mis/imp
2020-04-18 16:35:00,1.0,obs
2020-04-18 16:50:00,1.0,mis/imp
2020-04-18 17:05:00,0.3333333333333333,mis/imp
2020-04-18 17:20:00,0.0,obs
2020-04-18 17:35:00,0.0,mis/imp
2020-04-18 17:50:00,0.0,mis/imp
2020-04-18 18:05:00,,mis/imp
2020-04-18 18:20:00,,mis/imp
2020-04-18 18:35:00,,mis/imp
2020-04-18 18:50:00,,mis/imp
2020-04-18 19:05:00,,mis/imp
2020-04-18 19:20:00,,mis/imp
2020-04-18 19:35:00,,mis/imp
2020-04-18 19:50:00,,mis/imp
2020-04-18 20:05:00,,mis/imp
2020-04-18 20:20:00,,mis/imp
2020-04-18 20:35:00,,mis/imp
2020-04-18 20:50:00,,mis/imp
2020-04-19 07:05:00,,mis/imp
2020-04-19 07:20:00,,mis/imp
2020-04-19 07:35:00,,mis/imp
2020-04-19 07:50:00,,mis/imp
2020-04-19 08:05:00,0.0,mis/imp
2020-04-19 08:20:00,0.0,obs
2020-04-19 08:35:00,0.0,mis/imp
2020-04-19 08:50:00,0.0,obs
2020-04-19 09:05:00,0.0,mis/imp
2020-04-19 09:20:00,0.0,mis/imp
2020-04-19 09:35:00,,mis/imp
2020-04-19 09:50:00,,mis/imp
2020-04-19 10:05:00,,mis/imp
2020-04-19 10:20:00,,mis/imp
2020-04-19 10:35:00,,mis/imp
2020-04-19 10:50:00,,mis/imp
2020-04-19 11:05:00,,mis/imp
2020-04-19 11:20:00,1.0,mis/imp
2020-04-19 11:35:00,1.0,obs
2020-04-19 11:50:00,1.0,mis/imp
2020-04-19 12:05:00,1.0,mis/imp
2020-04-19 12:20:00,1.0,obs
2020-04-19 12:35:00,1.0,mis/imp
2020-04-19 12:50:00,1.0,mis/imp
2020-04-19 13:05:00,,mis/imp
2020-04-19 13:20:00,,mis/imp
2020-04-19 13:35:00,1.0,mis/imp
2020-04-19 13:50:00,1.0,obs
2020-04-19 14:05:00,1.0,mis/imp
2020-04-19 14:20:00,1.0,mis/imp
2020-04-19 14:35:00,0.0,mis/imp
2020-04-19 14:50:00,0.0,obs
2020-04-19 15:05:00,0.0,mis/imp
2020-04-19 15:20:00,0.0,mis/imp
2020-04-19 15:35:00,0.5,mis/imp
2020-04-19 15:50:00,0.5,obs
2020-04-19 16:05:00,0.5,mis/imp
2020-04-19 16:20:00,0.5,mis/imp
2020-04-19 16:35:00,,mis/imp
2020-04-19 16:50:00,,mis/imp
2020-04-19 17:05:00,1.0,mis/imp
2020-04-19 17:20:00,1.0,obs
2020-04-19 17:35:00,0.0,obs
2020-04-19 17:50:00,0.6666666666666666,mis/imp
2020-04-19 18:05:00,0.0,mis/imp
2020-04-19 18:20:00,0.0,mis/imp
2020-04-19 18:35:00,0.0,obs
2020-04-19 18:50:00,0.0,mis/imp
2020-04-19 19:05:00,0.0,mis/imp
2020-04-19 19:20:00,,mis/imp
2020-04-19 19:35:00,,mis/imp
2020-04-19 19:50:00,,mis/imp
2020-04-19 20:05:00,,mis/imp
2020-04-19 20:20:00,,mis/imp
2020-04-19 20:35:00,,mis/imp
2020-04-19 20:50:00,,mis/imp
2020-04-20 07:05:00,,mis/imp
2020-04-20 07:20:00,,mis/imp
2020-04-20 07:35:00,1.0,mis/imp
2020-04-20 07:50:00,1.0,obs
2020-04-20 08:05:00,1.0,mis/imp
2020-04-20 08:20:00,1.0,mis/imp
2020-04-20 08:35:00,0.0,mis/imp
2020-04-20 08:50:00,0.0,obs
2020-04-20 09:05:00,0.0,mis/imp
2020-04-20 09:20:00,0.0,mis/imp
2020-04-20 09:35:00,,mis/imp
2020-04-20 09:50:00,1.0,mis/imp
2020-04-20 10:05:00,1.0,obs
2020-04-20 10:20:00,1.0,mis/imp
2020-04-20 10:35:00,1.0,mis/imp
2020-04-20 10:50:00,,mis/imp
2020-04-20 11:05:00,,mis/imp
2020-04-20 11:20:00,,mis/imp
2020-04-20 11:35:00,,mis/imp
2020-04-20 11:50:00,,mis/imp
2020-04-20 12:05:00,0.0,mis/imp
2020-04-20 12:20:00,0.0,obs
2020-04-20 12:35:00,0.3333333333333333,mis/imp
2020-04-20 12:50:00,0.5,obs
2020-04-20 13:05:00,0.6666666666666666,mis/imp
2020-04-20 13:20:00,1.0,obs
2020-04-20 13:35:00,1.0,mis/imp
2020-04-20 13:50:00,1.0,mis/imp
2020-04-20 14:05:00,,mis/imp
2020-04-20 14:20:00,,mis/imp
2020-04-20 14:35:00,,mis/imp
2020-04-20 14:50:00,,mis/imp
2020-04-20 15:05:00,0.0,mis/imp
2020-04-20 15:20:00,0.0,obs
2020-04-20 15:35:00,0.5,mis/imp
2020-04-20 15:50:00,1.0,obs
2020-04-20 16:05:00,1.0,mis/imp
2020-04-20 16:20:00,1.0,mis/imp
2020-04-20 16:35:00,0.0,mis/imp
2020-04-20 16:50:00,0.0,obs
2020-04-20 17:05:00,0.0,mis/imp
2020-04-20 17:20:00,0.0,mis/imp
2020-04-20 17:35:00,,mis/imp
2020-04-20 17:50:00,,mis/imp
2020-04-20 18:05:00,0.0,mis/imp
2020-04-20 18:20:00,0.0,obs
2020-04-20 18:35:00,0.0,mis/imp
2020-04-20 18:50:00,0.0,mis/imp
2020-04-20 19:05:00,,mis/imp
2020-04-20 19:20:00,,mis/imp
2020-04-20 19:35:00,,mis/imp
2020-04-20 19:50:00,,mis/imp
2020-04-20 20:05:00,,mis/imp
2020-04-20 20:20:00,,mis/imp
2020-04-20 20:35:00,,mis/imp
2020-04-20 20:50:00,,mis/imp
2020-04-21 07:05:00,0.0,obs
2020-04-21 07:20:00,1.0,obs
2020-04-21 07:35:00,0.6666666666666666,mis/imp
2020-04-21 07:50:00,1.0,mis/imp
2020-04-21 08:05:00,0.5,mis/imp
2020-04-21 08:20:00,0.5,obs
2020-04-21 08:35:00,0.2,mis/imp
2020-04-21 08:50:00,0.0,obs
2020-04-21 09:05:00,0.0,mis/imp
2020-04-21 09:20:00,0.0,mis/imp
2020-04-21 09:35:00,1.0,mis/imp
2020-04-21 09:50:00,1.0,obs
2020-04-21 10:05:00,1.0,mis/imp
2020-04-21 10:20:00,1.0,mis/imp
2020-04-21 10:35:00,0.0,mis/imp
2020-04-21 10:50:00,0.0,obs
2020-04-21 11:05:00,0.0,mis/imp
2020-04-21 11:20:00,0.0,obs
2020-04-21 11:35:00,0.0,mis/imp
2020-04-21 11:50:00,0.0,mis/imp
2020-04-21 12:05:00,,mis/imp
2020-04-21 12:20:00,,mis/imp
2020-04-21 12:35:00,,mis/imp
2020-04-21 12:50:00,,mis/imp
2020-04-21 13:05:00,0.0,mis/imp
2020-04-21 13:20:00,0.0,obs
2020-04-21 13:35:00,0.0,mis/imp
2020-04-21 13:50:00,0.0,mis/imp
2020-04-21 14:05:00,,mis/imp
2020-04-21 14:20:00,,mis/imp
2020-04-21 14:35:00,,mis/imp
2020-04-21 14:50:00,,mis/imp
2020-04-21 15:05:00,,mis/imp
2020-04-21 15:20:00,,mis/imp
2020-04-21 15:35:00,,mis/imp
2020-04-21 15:50:00,,mis/imp
2020-04-21 16:05:00,,mis/imp
2020-04-21 16:20:00,,mis/imp
2020-04-21 16:35:00,1.0,mis/imp
2020-04-21 16:50:00,1.0,obs
2020-04-21 17:05:00,0.5,mis/imp
2020-04-21 17:20:00,0.0,obs
2020-04-21 17:35:00,0.0,mis/imp
2020-04-21 17:50:00,0.0,mis/imp
2020-04-21 18:05:00,1.0,mis/imp
2020-04-21 18:20:00,1.0,obs
2020-04-21 18:35:00,1.0,mis/imp
2020-04-21 18:50:00,1.0,mis/imp
2020-04-21 19:05:00,,mis/imp
2020-04-21 19:20:00,,mis/imp
2020-04-21 19:35:00,,mis/imp
2020-04-21 19:50:00,,mis/imp
2020-04-21 20:05:00,0.0,mis/imp
2020-04-21 20:20:00,0.0,obs
2020-04-21 20:35:00,0.0,mis/imp
2020-04-21 20:50:00,0.0,mis/imp
2020-04-22 07:05:00,,mis/imp
2020-04-22 07:20:00,,mis/imp
2020-04-22 07:35:00,0.0,mis/imp
2020-04-22 07:50:00,0.0,obs
2020-04-22 08:05:00,0.0,mis/imp
2020-04-22 08:20:00,0.0,mis/imp
2020-04-22 08:35:00,,mis/imp
2020-04-22 08:50:00,,mis/imp
2020-04-22 09:05:00,,mis/imp
2020-04-22 09:20:00,,mis/imp
2020-04-22 09:35:00,0.0,mis/imp
2020-04-22 09:50:00,0.0,obs
2020-04-22 10:05:00,0.0,mis/imp
2020-04-22 10:20:00,0.0,mis/imp
2020-04-22 10:35:00,,mis/imp
2020-04-22 10:50:00,0.0,mis/imp
2020-04-22 11:05:00,0.0,obs
2020-04-22 11:20:00,0.0,mis/imp
2020-04-22 11:35:00,0.0,mis/imp
2020-04-22 11:50:00,,mis/imp
2020-04-22 12:05:00,,mis/imp
2020-04-22 12:20:00,,mis/imp
2020-04-22 12:35:00,1.0,mis/imp
2020-04-22 12:50:00,1.0,obs
2020-04-22 13:05:00,1.0,mis/imp
2020-04-22 13:20:00,1.0,mis/imp
2020-04-22 13:35:00,,mis/imp
2020-04-22 13:50:00,,mis/imp
2020-04-22 14:05:00,,mis/imp
2020-04-22 14:20:00,,mis/imp
2020-04-22 14:35:00,,mis/imp
2020-04-22 14:50:00,,mis/imp
2020-04-22 15:05:00,,mis/imp
2020-04-22 15:20:00,,mis/imp
2020-04-22 15:35:00,,mis/imp
2020-04-22 15:50:00,,mis/imp
2020-04-22 16:05:00,,mis/imp
2020-04-22 16:20:00,,mis/imp
2020-04-22 16:35:00,1.0,mis/imp
2020-04-22 16:50:00,1.0,obs
2020-04-22 17:05:00,1.0,mis/imp
2020-04-22 17:20:00,1.0,mis/imp
2020-04-22 17:35:00,,mis/imp
2020-04-22 17:50:00,,mis/imp
2020-04-22 18:05:00,1.0,mis/imp
2020-04-22 18:20:00,1.0,obs
2020-04-22 18:35:00,1.0,mis/imp
2020-04-22 18:50:00,1.0,mis/imp
2020-04-22 19:05:00,,mis/imp
2020-04-22 19:20:00,,mis/imp
2020-04-22 19:35:00,,mis/imp
2020-04-22 19:50:00,,mis/imp
2020-04-22 20:05:00,,mis/imp
2020-04-22 20:20:00,,mis/imp
2020-04-22 20:35:00,,mis/imp
2020-04-22 20:50:00,,mis/imp
2020-04-23 07:05:00,,mis/imp
2020-04-23 07:20:00,,mis/imp
2020-04-23 07:35:00,,mis/imp
2020-04-23 07:50:00,,mis/imp
2020-04-23 08:05:00,1.0,mis/imp
2020-04-23 08:20:00,1.0,obs
2020-04-23 08:35:00,1.0,mis/imp
2020-04-23 08:50:00,1.0,mis/imp
2020-04-23 09:05:00,,mis/imp
2020-04-23 09:20:00,,mis/imp
2020-04-23 09:35:00,,mis/imp
2020-04-23 09:50:00,,mis/imp
2020-04-23 10:05:00,,mis/imp
2020-04-23 10:20:00,,mis/imp
2020-04-23 10:35:00,0.0,mis/imp
2020-04-23 10:50:00,0.0,obs
2020-04-23 11:05:00,0.0,mis/imp
2020-04-23 11:20:00,0.0,mis/imp
2020-04-23 11:35:00,1.0,mis/imp
2020-04-23 11:50:00,1.0,obs
2020-04-23 12:05:00,1.0,mis/imp
2020-04-23 12:20:00,1.0,mis/imp
2020-04-23 12:35:00,,mis/imp
2020-04-23 12:50:00,,mis/imp
2020-04-23 13:05:00,,mis/imp
2020-04-23 13:20:00,,mis/imp
2020-04-23 13:35:00,,mis/imp
2020-04-23 13:50:00,,mis/imp
2020-04-23 14:05:00,,mis/imp
2020-04-23 14:20:00,,mis/imp
2020-04-23 14:35:00,,mis/imp
2020-04-23 14:50:00,,mis/imp
2020-04-23 15:05:00,,mis/imp
2020-04-23 15:20:00,,mis/imp
2020-04-23 15:35:00,,mis/imp
2020-04-23 15:50:00,,mis/imp
2020-04-23 16:05:00,,mis/imp
2020-04-23 16:20:00,,mis/imp
2020-04-23 16:35:00,,mis/imp
2020-04-23 16:50:00,,mis/imp
2020-04-23 17:05:00,,mis/imp
2020-04-23 17:20:00,,mis/imp
2020-04-23 17:35:00,,mis/imp
2020-04-23 17:50:00,,mis/imp
2020-04-23 18:05:00,0.0,mis/imp
2020-04-23 18:20:00,0.0,obs
2020-04-23 18:35:00,0.0,mis/imp
2020-04-23 18:50:00,0.0,mis/imp
2020-04-23 19:05:00,,mis/imp
2020-04-23 19:20:00,,mis/imp
2020-04-23 19:35:00,,mis/imp
2020-04-23 19:50:00,,mis/imp
2020-04-23 20:05:00,,mis/imp
2020-04-23 20:20:00,,mis/imp
2020-04-23 20:35:00,,mis/imp
2020-04-23 20:50:00,,mis/imp
2020-04-24 07:05:00,,mis/imp
2020-04-24 07:20:00,,mis/imp
2020-04-24 07:35:00,,mis/imp
2020-04-24 07:50:00,,mis/imp
2020-04-24 08:05:00,,mis/imp
2020-04-24 08:20:00,,mis/imp
2020-04-24 08:35:00,,mis/imp
2020-04-24 08:50:00,,mis/imp
2020-04-24 09:05:00,,mis/imp
2020-04-24 09:20:00,,mis/imp
2020-04-24 09:35:00,,mis/imp
2020-04-24 09:50:00,,mis/imp
2020-04-24 10:05:00,,mis/imp
2020-04-24 10:20:00,,mis/imp
2020-04-24 10:35:00,,mis/imp
2020-04-24 10:50:00,,mis/imp
2020-04-24 11:05:00,,mis/imp
2020-04-24 11:20:00,,mis/imp
2020-04-24 11:35:00,,mis/imp
2020-04-24 11:50:00,,mis/imp
2020-04-24 12:05:00,,mis/imp
2020-04-24 12:20:00,,mis/imp
2020-04-24 12:35:00,,mis/imp
2020-04-24 12:50:00,,mis/imp
2020-04-24 13:05:00,,mis/imp
2020-04-24 13:20:00,,mis/imp
2020-04-24 13:35:00,,mis/imp
2020-04-24 13:50:00,,mis/imp
2020-04-24 14:05:00,,mis/imp
2020-04-24 14:20:00,,mis/imp
2020-04-24 14:35:00,,mis/imp
2020-04-24 14:50:00,,mis/imp
2020-04-24 15:05:00,,mis/imp
2020-04-24 15:20:00,,mis/imp
2020-04-24 15:35:00,,mis/imp
2020-04-24 15:50:00,,mis/imp
2020-04-24 16:05:00,,mis/imp
2020-04-24 16:20:00,,mis/imp
2020-04-24 16:35:00,,mis/imp
2020-04-24 16:50:00,,mis/imp
2020-04-24 17:05:00,,mis/imp
2020-04-24 17:20:00,,mis/imp
2020-04-24 17:35:00,,mis/imp
2020-04-24 17:50:00,,mis/imp
2020-04-24 18:05:00,,mis/imp
2020-04-24 18:20:00,,mis/imp
2020-04-24 18:35:00,,mis/imp
2020-04-24 18:50:00,,mis/imp
2020-04-24 19:05:00,1.0,mis/imp
2020-04-24 19:20:00,1.0,obs
2020-04-24 19:35:00,1.0,mis/imp
2020-04-24 19:50:00,1.0,mis/imp
2020-04-24 20:05:00,,mis/imp
2020-04-24 20:20:00,,mis/imp
2020-04-24 20:35:00,,mis/imp
2020-04-24 20:50:00,,mis/imp
2020-04-25 07:05:00,,mis/imp
2020-04-25 07:20:00,,mis/imp
2020-04-25 07:35:00,,mis/imp
2020-04-25 07:50:00,,mis/imp
2020-04-25 08:05:00,,mis/imp
2020-04-25 08:20:00,,mis/imp
2020-04-25 08:35:00,,mis/imp
2020-04-25 08:50:00,,mis/imp
2020-04-25 09:05:00,,mis/imp
2020-04-25 09:20:00,,mis/imp
2020-04-25 09:35:00,,mis/imp
2020-04-25 09:50:00,,mis/imp
2020-04-25 10:05:00,,mis/imp
2020-04-25 10:20:00,,mis/imp
2020-04-25 10:35:00,,mis/imp
2020-04-25 10:50:00,,mis/imp
2020-04-25 11:05:00,,mis/imp
2020-04-25 11:20:00,,mis/imp
2020-04-25 11:35:00,,mis/imp
2020-04-25 11:50:00,,mis/imp
2020-04-25 12:05:00,,mis/imp
2020-04-25 12:20:00,,mis/imp
2020-04-25 12:35:00,,mis/imp
2020-04-25 12:50:00,,mis/imp
2020-04-25 13:05:00,1.0,mis/imp
2020-04-25 13:20:00,1.0,obs
2020-04-25 13:35:00,1.0,mis/imp
2020-04-25 13:50:00,1.0,mis/imp
2020-04-25 14:05:00,,mis/imp
2020-04-25 14:20:00,,mis/imp
2020-04-25 14:35:00,1.0,mis/imp
2020-04-25 14:50:00,1.0,obs
2020-04-25 15:05:00,1.0,obs
2020-04-25 15:20:00,1.0,mis/imp
2020-04-25 15:35:00,1.0,obs
2020-04-25 15:50:00,1.0,mis/imp
2020-04-25 16:05:00,1.0,mis/imp
2020-04-25 16:20:00,,mis/imp
2020-04-25 16:35:00,,mis/imp
2020-04-25 16:50:00,1.0,mis/imp
2020-04-25 17:05:00,1.0,obs
2020-04-25 17:20:00,1.0,mis/imp
2020-04-25 17:35:00,1.0,mis/imp
2020-04-25 17:50:00,,mis/imp
2020-04-25 18:05:00,,mis/imp
2020-04-25 18:20:00,,mis/imp
2020-04-25 18:35:00,,mis/imp
2020-04-25 18:50:00,,mis/imp
2020-04-25 19:05:00,,mis/imp
2020-04-25 19:20:00,,mis/imp
2020-04-25 19:35:00,,mis/imp
2020-04-25 19:50:00,,mis/imp
2020-04-25 20:05:00,,mis/imp
2020-04-25 20:20:00,,mis/imp
2020-04-25 20:35:00,,mis/imp
2020-04-25 20:50:00,,mis/imp
2020-04-26 07:05:00,,mis/imp
2020-04-26 07:20:00,,mis/imp
2020-04-26 07:35:00,,mis/imp
2020-04-26 07:50:00,,mis/imp
2020-04-26 08:05:00,,mis/imp
2020-04-26 08:20:00,,mis/imp
2020-04-26 08:35:00,,mis/imp
2020-04-26 08:50:00,,mis/imp
2020-04-26 09:05:00,,mis/imp
2020-04-26 09:20:00,,mis/imp
2020-04-26 09:35:00,,mis/imp
2020-04-26 09:50:00,,mis/imp
2020-04-26 10:05:00,,mis/imp
2020-04-26 10:20:00,,mis/imp
2020-04-26 10:35:00,,mis/imp
2020-04-26 10:50:00,,mis/imp
2020-04-26 11:05:00,,mis/imp
2020-04-26 11:20:00,,mis/imp
2020-04-26 11:35:00,,mis/imp
2020-04-26 11:50:00,,mis/imp
2020-04-26 12:05:00,,mis/imp
2020-04-26 12:20:00,,mis/imp
2020-04-26 12:35:00,,mis/imp
2020-04-26 12:50:00,,mis/imp
2020-04-26 13:05:00,,mis/imp
2020-04-26 13:20:00,,mis/imp
2020-04-26 13:35:00,,mis/imp
2020-04-26 13:50:00,,mis/imp
2020-04-26 14:05:00,,mis/imp
2020-04-26 14:20:00,,mis/imp
2020-04-26 14:35:00,0.0,mis/imp
2020-04-26 14:50:00,0.0,obs
2020-04-26 15:05:00,0.0,mis/imp
2020-04-26 15:20:00,0.0,mis/imp
2020-04-26 15:35:00,,mis/imp
2020-04-26 15:50:00,,mis/imp
2020-04-26 16:05:00,,mis/imp
2020-04-26 16:20:00,,mis/imp
2020-04-26 16:35:00,,mis/imp
2020-04-26 16:50:00,,mis/imp
2020-04-26 17:05:00,,mis/imp
2020-04-26 17:20:00,,mis/imp
2020-04-26 17:35:00,,mis/imp
2020-04-26 17:50:00,,mis/imp
2020-04-26 18:05:00,,mis/imp
2020-04-26 18:20:00,,mis/imp
2020-04-26 18:35:00,,mis/imp
2020-04-26 18:50:00,,mis/imp
2020-04-26 19:05:00,,mis/imp
2020-04-26 19:20:00,,mis/imp
2020-04-26 19:35:00,,mis/imp
2020-04-26 19:50:00,,mis/imp
2020-04-26 20:05:00,,mis/imp
2020-04-26 20:20:00,,mis/imp
2020-04-26 20:35:00,,mis/imp
2020-04-26 20:50:00,,mis/imp
2020-03-23 06:50:00,,mis/imp
2020-03-23 21:05:00,,mis/imp
2020-03-23 21:20:00,,mis/imp
2020-03-24 06:50:00,,mis/imp
2020-03-24 21:05:00,,mis/imp
2020-03-24 21:20:00,,mis/imp
2020-03-25 06:50:00,,mis/imp
2020-03-25 21:05:00,,mis/imp
2020-03-25 21:20:00,,mis/imp
2020-03-26 06:50:00,,mis/imp
2020-03-26 21:05:00,,mis/imp
2020-03-26 21:20:00,,mis/imp
2020-03-27 06:50:00,,mis/imp
2020-03-27 21:05:00,,mis/imp
2020-03-27 21:20:00,,mis/imp
2020-03-28 06:50:00,,mis/imp
2020-03-28 21:05:00,,mis/imp
2020-03-28 21:20:00,,mis/imp
2020-03-29 06:50:00,,mis/imp
2020-03-29 21:05:00,,mis/imp
2020-03-29 21:20:00,,mis/imp
2020-03-30 06:50:00,,mis/imp
2020-03-30 21:05:00,,mis/imp
2020-03-30 21:20:00,,mis/imp
2020-03-31 06:50:00,,mis/imp
2020-03-31 21:05:00,,mis/imp
2020-03-31 21:20:00,,mis/imp
2020-04-01 06:50:00,,mis/imp
2020-04-01 21:05:00,,mis/imp
2020-04-01 21:20:00,,mis/imp
2020-04-02 06:50:00,,mis/imp
2020-04-02 21:05:00,,mis/imp
2020-04-02 21:20:00,,mis/imp
2020-04-03 06:50:00,0.0,mis/imp
2020-04-03 21:05:00,,mis/imp
2020-04-03 21:20:00,,mis/imp
2020-04-04 06:50:00,,mis/imp
2020-04-04 21:05:00,,mis/imp
2020-04-04 21:20:00,,mis/imp
2020-04-05 06:50:00,,mis/imp
2020-04-05 21:05:00,,mis/imp
2020-04-05 21:20:00,,mis/imp
2020-04-06 06:50:00,,mis/imp
2020-04-06 21:05:00,,mis/imp
2020-04-06 21:20:00,,mis/imp
2020-04-07 06:50:00,,mis/imp
2020-04-07 21:05:00,,mis/imp
2020-04-07 21:20:00,,mis/imp
2020-04-08 06:50:00,,mis/imp
2020-04-08 21:05:00,,mis/imp
2020-04-08 21:20:00,,mis/imp
2020-04-09 06:50:00,,mis/imp
2020-04-09 21:05:00,,mis/imp
2020-04-09 21:20:00,,mis/imp
2020-04-10 06:50:00,,mis/imp
2020-04-10 21:05:00,,mis/imp
2020-04-10 21:20:00,,mis/imp
2020-04-11 06:50:00,,mis/imp
2020-04-11 21:05:00,,mis/imp
2020-04-11 21:20:00,,mis/imp
2020-04-12 06:50:00,,mis/imp
2020-04-12 21:05:00,,mis/imp
2020-04-12 21:20:00,,mis/imp
2020-04-13 06:50:00,,mis/imp
2020-04-13 21:05:00,,mis/imp
2020-04-13 21:20:00,,mis/imp
2020-04-14 06:50:00,,mis/imp
2020-04-14 21:05:00,,mis/imp
2020-04-14 21:20:00,,mis/imp
2020-04-15 06:50:00,,mis/imp
2020-04-15 21:05:00,,mis/imp
2020-04-15 21:20:00,,mis/imp
2020-04-16 06:50:00,,mis/imp
2020-04-16 21:05:00,,mis/imp
2020-04-16 21:20:00,,mis/imp
2020-04-17 06:50:00,,mis/imp
2020-04-17 21:05:00,,mis/imp
2020-04-17 21:20:00,,mis/imp
2020-04-18 06:50:00,0.0,mis/imp
2020-04-18 21:05:00,,mis/imp
2020-04-18 21:20:00,,mis/imp
2020-04-19 06:50:00,,mis/imp
2020-04-19 21:05:00,,mis/imp
2020-04-19 21:20:00,,mis/imp
2020-04-20 06:50:00,,mis/imp
2020-04-20 21:05:00,,mis/imp
2020-04-20 21:20:00,,mis/imp
2020-04-21 06:50:00,0.0,mis/imp
2020-04-21 21:05:00,,mis/imp
2020-04-21 21:20:00,,mis/imp
2020-04-22 06:50:00,,mis/imp
2020-04-22 21:05:00,,mis/imp
2020-04-22 21:20:00,,mis/imp
2020-04-23 06:50:00,,mis/imp
2020-04-23 21:05:00,,mis/imp
2020-04-23 21:20:00,,mis/imp
2020-04-24 06:50:00,,mis/imp
2020-04-24 21:05:00,,mis/imp
2020-04-24 21:20:00,,mis/imp
2020-04-25 06:50:00,,mis/imp
2020-04-25 21:05:00,,mis/imp
2020-04-25 21:20:00,,mis/imp
2020-04-26 06:50:00,,mis/imp
2020-04-26 21:05:00,,mis/imp
2020-04-26 21:20:00,,mis/imp
