time_bin,label,source,current_popularity,wind_speed,temp,status_good,status_maybe,status_bad,dayofweek,hour
2020-03-23 14:35:00,0.0,mis/imp, 42,26.598094036654487,37.846752547437504,0.0,0.0,1.0,0,14
2020-03-23 14:50:00,0.0,obs, 42,25.9,37.94,0.0,0.0,1.0,0,14
2020-03-23 15:05:00,0.0,mis/imp, 43,26.427816837658554,38.125301944788276,0.0,0.0,1.0,0,15
2020-03-23 15:20:00,0.0,mis/imp, 43,28.181544549630143,38.40265838180233,0.0,0.0,1.0,0,15
2020-03-25 12:50:00,0.0,mis/imp, 31,18.4,42.08,1.0,0.0,0.0,2,12
2020-03-25 13:05:00,0.0,obs, 35,18.87000067243985,42.429515956695155,1.0,0.0,0.0,2,13
2020-03-25 13:20:00,0.0,mis/imp, 35,19.6502898994214,42.98997013457248,1.0,0.0,0.0,2,13
2020-03-25 13:35:00,0.0,mis/imp, 35,20.780434176692246,43.590439245163566,1.0,0.0,0.0,2,13
2020-03-25 15:20:00,1.0,mis/imp, 38,28.505332392221217,45.45165121097372,1.0,0.0,0.0,2,15
2020-03-25 15:35:00,1.0,obs, 38,27.556923476839646,45.73890716764656,1.0,0.0,0.0,2,15
2020-03-25 15:50:00,1.0,mis/imp, 38,27.7,46.04,1.0,0.0,0.0,2,15
2020-03-25 16:05:00,1.0,mis/imp, 35,28.93456196170228,46.354929708034064,1.0,0.0,0.0,2,16
2020-03-25 17:50:00,1.0,mis/imp, 28,33.5,46.04,1.0,0.0,0.0,2,17
2020-03-25 18:05:00,1.0,obs, 21,31.266119328532763,46.373957674076,1.0,0.0,0.0,2,18
2020-03-25 18:20:00,1.0,mis/imp, 21,28.353322021453987,47.03927747704731,1.0,0.0,0.0,2,18
2020-03-25 18:35:00,1.0,mis/imp, 21,25.21386370364823,47.69995854149497,1.0,0.0,0.0,2,18
2020-03-26 15:50:00,0.0,mis/imp, 35,14.8,50.0,1.0,0.0,0.0,3,15
2020-03-26 16:05:00,0.0,obs, 31,16.135591425976948,50.14692157412152,1.0,0.0,0.0,3,16
2020-03-26 16:20:00,0.0,mis/imp, 31,17.943593289424538,50.103714511538975,1.0,0.0,0.0,3,16
2020-03-26 16:35:00,0.0,mis/imp, 31,19.604798508159867,50.00865019318693,1.0,0.0,0.0,3,16
2020-03-26 17:20:00,1.0,mis/imp, 26,19.992391802994675,50.24194198912154,1.0,0.0,0.0,3,17
2020-03-26 17:35:00,1.0,obs, 26,19.08438993954708,50.5551490517041,1.0,0.0,0.0,3,17
2020-03-26 17:50:00,1.0,mis/imp, 26,18.4,51.08,1.0,0.0,0.0,3,17
2020-03-26 18:05:00,1.0,mis/imp, 20,17.939221984353455,51.816494834009255,1.0,0.0,0.0,3,18
2020-03-26 19:20:00,1.0,mis/imp, 15,20.995272841360798,53.33025668848745,1.0,0.0,0.0,3,19
2020-03-26 19:35:00,1.0,obs, 15,22.657438933106825,52.60711796876486,1.0,0.0,0.0,3,19
2020-03-26 19:50:00,1.0,mis/imp, 15,24.1,51.98,1.0,0.0,0.0,3,19
2020-03-26 20:05:00,1.0,mis/imp, 11,25.322956042040342,51.44890278219289,1.0,0.0,0.0,3,20
2020-03-28 08:35:00,1.0,mis/imp, 28,10.957111703428993,46.81744231808624,0.0,1.0,0.0,5,8
2020-03-28 08:50:00,1.0,obs, 28,11.2,46.94,0.0,1.0,0.0,5,8
2020-03-28 09:05:00,1.0,mis/imp, 41,11.57674936368371,47.145059923318975,0.0,1.0,0.0,5,9
2020-03-28 09:20:00,1.0,mis/imp, 41,12.087359794480124,47.432622088043146,0.0,1.0,0.0,5,9
2020-03-29 10:35:00,1.0,mis/imp, 38,16.53656263031136,44.95876960886585,0.0,1.0,0.0,6,10
2020-03-29 10:50:00,1.0,obs, 38,16.6,44.96,0.0,1.0,0.0,6,10
2020-03-29 11:05:00,1.0,mis/imp, 56,16.630928655302913,44.91166293445757,0.0,1.0,0.0,6,11
2020-03-29 11:20:00,1.0,mis/imp, 56,16.629348596220098,44.81375841223854,0.0,1.0,0.0,6,11
2020-03-29 17:05:00,1.0,mis/imp, 57,23.99428641566188,49.22065240285041,0.0,1.0,0.0,6,17
2020-03-29 17:20:00,1.0,obs, 57,20.691815348091293,49.480332838419145,0.0,1.0,0.0,6,17
2020-03-29 17:35:00,1.0,mis/imp, 57,17.66843660647506,49.7298468547783,0.0,1.0,0.0,6,17
2020-03-29 17:50:00,1.0,mis/imp, 57,16.6,50.0,0.0,1.0,0.0,6,17
2020-03-31 12:05:00,0.0,mis/imp, 32,17.81424463392679,41.235718461432974,0.0,1.0,0.0,1,12
2020-03-31 12:20:00,0.0,obs, 32,16.96108398379849,41.566349106892645,0.0,1.0,0.0,1,12
2020-03-31 12:35:00,0.0,mis/imp, 32,15.927381341770944,41.883805198905975,0.0,1.0,0.0,1,12
2020-03-31 12:50:00,0.0,mis/imp, 32,14.8,42.08,0.0,1.0,0.0,1,12
2020-04-01 14:35:00,1.0,mis/imp, 38,27.771716558302874,45.36051721643147,0.0,1.0,0.0,2,14
2020-04-01 14:50:00,1.0,obs, 38,29.5,46.04,0.0,1.0,0.0,2,14
2020-04-01 15:05:00,0.0,mis/imp, 38,29.88036420257552,46.62366992106117,0.0,1.0,0.0,2,15
2020-04-01 15:20:00,0.0,obs, 38,28.91280916602943,47.11152697961497,0.0,1.0,0.0,2,15
2020-04-01 15:35:00,0.0,mis/imp, 38,27.33884954646863,47.558620548361276,0.0,1.0,0.0,2,15
2020-04-01 15:50:00,0.0,mis/imp, 38,25.9,48.02,0.0,1.0,0.0,2,15
2020-04-02 16:05:00,0.0,obs,43.0,35.84413991269426,52.06319067415279,1.0,0.0,0.0,3,16
2020-04-02 16:20:00,0.0,mis/imp,40.0,35.524431569440544,53.13696465190925,1.0,0.0,0.0,3,16
2020-04-02 16:35:00,0.0,mis/imp,46.0,35.99250744146654,54.17225630371109,1.0,0.0,0.0,3,16
2020-04-02 16:50:00,0.0,obs,46.0,37.1,55.040000000000006,1.0,0.0,0.0,3,16
2020-04-02 17:35:00,1.0,mis/imp,43.0,43.42794351984295,56.68406954828265,1.0,0.0,0.0,3,17
2020-04-02 17:50:00,0.0,obs,41.0,44.6,57.02,1.0,0.0,0.0,3,17
2020-04-02 18:05:00,1.0,mis/imp,41.0,44.74940461706041,57.28063488119115,1.0,0.0,0.0,3,18
2020-04-02 18:20:00,1.0,mis/imp,36.0,43.87615737102414,57.4659741918561,1.0,0.0,0.0,3,18
2020-04-02 19:05:00,0.0,obs,36.0,42.8566630525967,58.265994972077124,1.0,0.0,0.0,3,19
2020-04-02 20:05:00,0.0,obs,21.0,47.4106170673594,58.68839528634618,1.0,0.0,0.0,3,20
2020-04-03 06:50:00,0.0,mis/imp,10.0,44.6,46.04,0.0,1.0,0.0,4,6
2020-04-03 07:05:00,0.0,obs,11.0,43.13459325073424,46.18708920796527,0.0,1.0,0.0,4,7
2020-04-03 07:20:00,0.0,mis/imp,12.0,39.913140520284855,46.500875785969974,0.0,1.0,0.0,4,7
2020-04-03 07:35:00,0.0,mis/imp,12.0,36.260117529693055,46.809224470989676,0.0,1.0,0.0,4,7
2020-04-03 08:35:00,0.0,mis/imp,15.0,30.104934053759493,46.35504501198776,0.0,1.0,0.0,4,8
2020-04-03 08:50:00,0.0,obs,20.0,29.5,46.04,0.0,1.0,0.0,4,8
2020-04-03 09:05:00,0.0,mis/imp,17.0,28.843679162031627,45.72369655402917,0.0,1.0,0.0,4,9
2020-04-03 09:20:00,0.0,mis/imp,18.0,28.135971539854392,45.40613467407528,0.0,1.0,0.0,4,9
2020-04-03 09:50:00,0.0,mis/imp,24.0,27.7,44.96,0.0,1.0,0.0,4,9
2020-04-03 10:05:00,0.0,obs,21.0,28.255137096604532,44.87961830282404,0.0,1.0,0.0,4,10
2020-04-03 10:20:00,0.0,mis/imp,19.0,29.325689437563533,44.89436036555589,0.0,1.0,0.0,4,10
2020-04-03 10:35:00,0.0,mis/imp,18.0,30.583397059740783,44.94192224550978,0.0,1.0,0.0,4,10
2020-04-03 19:35:00,0.0,mis/imp,17.0,40.968363793162034,50.17610593063678,0.0,1.0,0.0,4,19
2020-04-03 19:50:00,0.0,obs,17.0,40.7,50.0,0.0,1.0,0.0,4,19
2020-04-03 20:05:00,0.0,mis/imp,17.0,40.235481495160364,50.05824157400943,0.0,1.0,0.0,4,20
2020-04-03 20:20:00,0.0,mis/imp,15.0,39.574808278643154,50.350830652665074,0.0,1.0,0.0,4,20
2020-04-04 07:05:00,0.0,mis/imp,10.0,24.093349290796944,48.85003265388754,0.0,1.0,0.0,5,7
2020-04-04 07:20:00,0.0,obs,11.0,24.49148492655416,48.907761310367746,0.0,1.0,0.0,5,7
2020-04-04 07:35:00,0.0,mis/imp,12.0,25.143878099034303,48.971609311664075,0.0,1.0,0.0,5,7
2020-04-04 07:50:00,0.0,mis/imp,14.0,25.9,48.92,0.0,1.0,0.0,5,7
2020-04-04 09:35:00,1.0,mis/imp,28.0,4.1,47.05,0.0,1.0,0.0,5,9
2020-04-04 09:50:00,0.0,obs,32.0,4.1,47.58,0.0,1.0,0.0,5,9
2020-04-04 10:05:00,1.0,mis/imp,28.0,4.1,47.73,0.0,1.0,0.0,5,10
2020-04-04 10:20:00,1.0,mis/imp,28.0,4.1,48.3,0.0,0.0,1.0,5,10
2020-04-04 10:35:00,1.0,mis/imp,29.0,4.1,48.7,0.0,0.0,1.0,5,10
2020-04-04 10:50:00,0.0,obs,33.0,4.1,48.965,0.0,0.0,1.0,5,10
2020-04-04 11:05:00,1.0,mis/imp,29.0,4.1,49.68,0.0,0.0,1.0,5,11
2020-04-04 11:20:00,0.0,obs,29.0,3.6,50.09,0.0,0.0,1.0,5,11
2020-04-04 11:50:00,0.0,mis/imp,40.0,3.1,50.905,0.0,0.0,1.0,5,11
2020-04-04 12:05:00,0.0,obs,39.0,3.1,51.13,0.0,0.0,1.0,5,12
2020-04-04 12:20:00,0.0,mis/imp,39.0,3.1,51.91,0.0,0.0,1.0,5,12
2020-04-04 12:35:00,0.0,mis/imp,42.0,18.701116292079963,47.86074855755508,0.0,0.0,1.0,5,12
2020-04-04 12:50:00,1.0,mis/imp,42.0,18.4,48.02,0.0,0.0,1.0,5,12
2020-04-04 13:05:00,0.0,obs,44.0,19.317831145227,48.017883175401224,0.0,0.0,1.0,5,13
2020-04-04 13:20:00,1.0,mis/imp,41.0,2.1,54.43,0.0,0.0,1.0,5,13
2020-04-04 13:35:00,1.0,mis/imp,48.0,2.1,54.39,0.0,0.0,1.0,5,13
2020-04-04 13:50:00,1.0,mis/imp,48.0,2.355,54.725,0.0,0.0,1.0,5,13
2020-04-04 14:05:00,1.0,obs,47.0,2.61,55.02,1.0,0.0,0.0,5,14
2020-04-04 14:20:00,1.0,mis/imp,43.0,2.61,55.31,1.0,0.0,0.0,5,14
2020-04-04 14:35:00,1.0,mis/imp,50.0,2.6,56.1,0.0,1.0,0.0,5,14
2020-04-04 14:50:00,1.0,obs,50.0,2.605,56.085,0.0,1.0,0.0,5,14
2020-04-04 15:05:00,1.0,mis/imp,51.0,2.6,56.53,0.0,1.0,0.0,5,15
2020-04-04 15:20:00,1.0,mis/imp,48.0,2.05,56.585,1.0,0.0,0.0,5,15
2020-04-04 15:50:00,1.0,mis/imp,63.0,1.5,57.795,1.0,0.0,0.0,5,15
2020-04-04 16:05:00,1.0,obs,65.0,1.5,58.26,1.0,0.0,0.0,5,16
2020-04-04 16:20:00,0.0,obs,59.0,2.55,58.325,1.0,0.0,0.0,5,16
2020-04-04 16:35:00,1.0,mis/imp,71.0,3.6,58.39,1.0,0.0,0.0,5,16
2020-04-04 16:50:00,0.0,mis/imp,71.0,3.6,58.34,1.0,0.0,0.0,5,16
2020-04-04 17:05:00,0.0,obs,76.0,3.6,58.08,1.0,0.0,0.0,5,17
2020-04-04 17:20:00,0.0,obs,70.0,3.85,57.65000000000001,0.0,1.0,0.0,5,17
2020-04-04 17:35:00,1.0,mis/imp,80.0,4.1,57.2,0.0,1.0,0.0,5,17
2020-04-04 17:50:00,1.0,obs,79.0,4.1,56.84,0.0,1.0,0.0,5,17
2020-04-04 18:05:00,1.0,mis/imp,78.0,4.1,56.17,0.0,1.0,0.0,5,18
2020-04-04 18:20:00,1.0,mis/imp,70.0,3.1,55.75,0.0,1.0,0.0,5,18
2020-04-04 18:50:00,1.0,mis/imp,57.0,2.1,53.90000000000001,0.0,0.0,1.0,5,18
2020-04-04 19:05:00,1.0,obs,51.0,2.1,52.93,0.0,0.0,1.0,5,19
2020-04-04 19:20:00,1.0,mis/imp,46.0,2.6,52.66,0.0,0.0,1.0,5,19
2020-04-04 19:35:00,0.0,obs,37.0,3.1,51.69,0.0,1.0,0.0,5,19
2020-04-04 19:50:00,0.0,mis/imp,36.0,3.1,51.125,0.0,1.0,0.0,5,19
2020-04-04 20:05:00,0.0,mis/imp,31.0,3.1,50.58,0.0,1.0,0.0,5,20
2020-04-05 08:50:00,0.0,mis/imp,19.0,2.8,48.4,0.0,1.0,0.0,6,8
2020-04-05 09:05:00,0.0,obs,20.0,2.52,49.12,0.0,1.0,0.0,6,9
2020-04-05 09:20:00,0.0,mis/imp,21.0,2.715,49.39,0.0,1.0,0.0,6,9
2020-04-05 09:35:00,0.0,mis/imp,21.0,2.91,49.66,0.0,1.0,0.0,6,9
2020-04-05 10:05:00,0.0,obs,28.0,2.91,51.08,0.0,1.0,0.0,6,10
2020-04-05 10:50:00,1.0,mis/imp,36.0,2.6,52.71,0.0,0.0,1.0,6,10
2020-04-05 11:05:00,0.0,obs,37.0,2.6,52.79,0.0,0.0,1.0,6,11
2020-04-05 11:20:00,1.0,mis/imp,35.0,2.05,53.725,0.0,0.0,1.0,6,11
2020-04-05 11:35:00,1.0,mis/imp,34.0,1.5,54.3,0.0,0.0,1.0,6,11
2020-04-05 12:50:00,1.0,mis/imp,40.0,1.5,57.425,0.0,0.0,1.0,6,12
2020-04-05 13:05:00,0.0,obs,44.0,1.5,57.61,0.0,0.0,1.0,6,13
2020-04-05 13:20:00,1.0,mis/imp,42.0,1.5,58.64,0.0,0.0,1.0,6,13
2020-04-05 13:35:00,1.0,mis/imp,41.0,2.1,59.43,0.0,0.0,1.0,6,13
2020-04-05 13:50:00,0.0,obs,44.0,2.1,60.15,0.0,0.0,1.0,6,13
2020-04-05 14:05:00,0.0,obs,44.0,2.1,60.78,0.0,0.0,1.0,6,14
2020-04-05 14:35:00,1.0,mis/imp,42.0,2.6,62.02,1.0,0.0,0.0,6,14
2020-04-05 14:50:00,1.0,obs,48.0,2.6,62.0,1.0,0.0,0.0,6,14
2020-04-05 15:05:00,1.0,obs,49.0,2.6,62.22,1.0,0.0,0.0,6,15
2020-04-05 15:20:00,1.0,mis/imp,44.0,2.35,62.255,0.0,1.0,0.0,6,15
2020-04-05 15:35:00,1.0,mis/imp,47.0,2.1,62.22,0.0,1.0,0.0,6,15
2020-04-05 15:50:00,1.0,obs,56.0,2.1,62.155,0.0,1.0,0.0,6,15
2020-04-05 16:05:00,1.0,mis/imp,57.0,2.1,62.11,0.0,1.0,0.0,6,16
2020-04-05 16:20:00,1.0,mis/imp,49.0,2.6,61.675,0.0,1.0,0.0,6,16
2020-04-05 16:35:00,0.0,mis/imp,52.0,3.1,61.21,0.0,1.0,0.0,6,16
2020-04-05 16:50:00,0.0,obs,55.0,3.1,60.765,0.0,1.0,0.0,6,16
2020-04-05 17:05:00,0.0,mis/imp,57.0,3.1,59.7,0.0,1.0,0.0,6,17
2020-04-05 17:20:00,0.0,mis/imp,47.0,3.1,59.76,0.0,1.0,0.0,6,17
2020-04-05 17:35:00,0.0,mis/imp,47.0,7.288590843391602,55.3284575953578,0.0,1.0,0.0,6,17
2020-04-05 17:50:00,0.0,obs,48.0,7.6,55.94,0.0,1.0,0.0,6,17
2020-04-05 18:05:00,0.0,obs,48.0,8.173405569043352,56.407846971690944,0.0,1.0,0.0,6,18
2020-04-05 18:20:00,1.0,mis/imp,38.0,1.94,58.37,0.0,0.0,1.0,6,18
2020-04-05 18:35:00,1.0,mis/imp,36.0,1.94,57.52,0.0,0.0,1.0,6,18
2020-04-05 19:20:00,0.0,mis/imp,25.0,1.94,56.55,0.0,0.0,1.0,6,19
2020-04-05 19:35:00,0.0,obs,24.0,15.322574616173592,56.55063764091204,0.0,0.0,1.0,6,19
2020-04-05 19:50:00,0.0,obs,22.0,16.6,55.94,0.0,0.0,1.0,6,19
2020-04-05 20:05:00,0.0,mis/imp,23.0,17.74025274913113,55.0428762569156,0.0,0.0,1.0,6,20
2020-04-05 20:20:00,0.0,mis/imp,18.0,3.1,53.91,0.0,1.0,0.0,6,20
2020-04-06 07:50:00,0.0,mis/imp,16.0,13.0,48.92,0.0,1.0,0.0,0,7
2020-04-06 08:05:00,0.0,obs,16.0,12.5670309057726,49.17152398002546,0.0,1.0,0.0,0,8
2020-04-06 08:20:00,0.0,mis/imp,15.0,2.1,49.01,0.0,0.0,1.0,0,8
2020-04-06 08:35:00,0.0,mis/imp,14.0,2.1,49.42,0.0,0.0,1.0,0,8
2020-04-06 09:05:00,0.0,obs,19.0,2.1,50.13,0.0,0.0,1.0,0,9
2020-04-06 10:35:00,0.0,obs,18.0,11.761986738825259,48.764506007203636,0.0,0.0,1.0,0,10
2020-04-06 10:50:00,0.0,obs,21.0,13.0,48.92,0.0,0.0,1.0,0,10
2020-04-06 11:05:00,0.0,mis/imp,23.0,13.677327442729542,49.17606048030054,0.0,0.0,1.0,0,11
2020-04-06 11:20:00,0.0,mis/imp,22.0,13.793969067013887,49.53268744810525,0.0,0.0,1.0,0,11
2020-04-06 12:05:00,0.0,obs,29.0,16.30309059364003,49.973775372533275,0.0,0.0,1.0,0,12
2020-04-06 12:35:00,1.0,mis/imp,28.0,20.23125631442702,49.68766984165242,0.0,0.0,1.0,0,12
2020-04-06 12:50:00,0.0,obs,31.0,20.5,50.0,0.0,0.0,1.0,0,12
2020-04-06 13:05:00,1.0,mis/imp,33.0,19.279128995430305,50.7112872844999,0.0,0.0,1.0,0,13
2020-04-06 13:20:00,1.0,obs,30.0,3.6,60.57,1.0,0.0,0.0,0,13
2020-04-06 13:35:00,1.0,mis/imp,33.0,3.6,60.57,1.0,0.0,0.0,0,13
2020-04-06 13:50:00,0.0,obs,36.0,3.6,60.945,1.0,0.0,0.0,0,13
2020-04-06 14:05:00,1.0,mis/imp,33.0,3.6,61.38,1.0,0.0,0.0,0,14
2020-04-06 14:20:00,1.0,obs,32.0,3.6,61.74,1.0,0.0,0.0,0,14
2020-04-06 14:35:00,1.0,mis/imp,37.0,18.8257279516934,55.5112686089781,1.0,0.0,0.0,0,14
2020-04-06 14:50:00,1.0,mis/imp,46.0,20.5,55.94,1.0,0.0,0.0,0,14
2020-04-06 15:05:00,1.0,obs,41.0,21.138058401900828,56.42270719269603,1.0,0.0,0.0,0,15
2020-04-06 15:20:00,1.0,mis/imp,40.0,5.7,63.52,1.0,0.0,0.0,0,15
2020-04-06 15:35:00,1.0,mis/imp,44.0,5.7,63.7,1.0,0.0,0.0,0,15
2020-04-06 15:50:00,1.0,mis/imp,52.0,5.7,64.03999999999999,1.0,0.0,0.0,0,15
2020-04-06 16:05:00,1.0,obs,46.0,5.7,64.11,1.0,0.0,0.0,0,16
2020-04-06 16:20:00,1.0,mis/imp,44.0,4.15,64.43,1.0,0.0,0.0,0,16
2020-04-06 16:35:00,1.0,obs,49.0,2.6,64.56,1.0,0.0,0.0,0,16
2020-04-06 16:50:00,1.0,mis/imp,55.0,2.6,64.545,1.0,0.0,0.0,0,16
2020-04-06 17:05:00,0.0,obs,49.0,2.6,64.62,1.0,0.0,0.0,0,17
2020-04-06 17:20:00,1.0,mis/imp,47.0,2.6,64.56,1.0,0.0,0.0,0,17
2020-04-06 17:35:00,1.0,mis/imp,53.0,5.942239406915292,59.70584473047961,1.0,0.0,0.0,0,17
2020-04-06 17:50:00,1.0,obs,64.0,5.4,60.08,1.0,0.0,0.0,0,17
2020-04-06 18:05:00,1.0,mis/imp,59.0,5.761345829996199,60.56020047365716,1.0,0.0,0.0,0,18
2020-04-06 18:20:00,1.0,mis/imp,54.0,7.026276896903889,61.146446151451094,1.0,0.0,0.0,0,18
2020-04-06 18:50:00,0.0,mis/imp,57.0,11.2,62.06,1.0,0.0,0.0,0,18
2020-04-06 19:05:00,0.0,obs,59.0,13.842068350824986,62.243039890892675,1.0,0.0,0.0,0,19
2020-04-06 19:20:00,0.0,mis/imp,52.0,3.6,58.93,1.0,0.0,0.0,0,19
2020-04-06 19:35:00,0.0,obs,50.0,3.6,58.46,1.0,0.0,0.0,0,19
2020-04-06 19:50:00,0.0,mis/imp,46.0,3.6,57.56,1.0,0.0,0.0,0,19
2020-04-06 20:05:00,0.0,mis/imp,42.0,3.6,56.97,1.0,0.0,0.0,0,20
2020-04-07 07:50:00,0.0,mis/imp,15.0,3.1,49.21,1.0,0.0,0.0,1,7
2020-04-07 08:05:00,0.0,obs,18.0,3.1,49.48,1.0,0.0,0.0,1,8
2020-04-07 08:20:00,1.0,obs,18.0,2.85,51.15,1.0,0.0,0.0,1,8
2020-04-07 08:35:00,0.0,mis/imp,18.0,2.6,52.03,1.0,0.0,0.0,1,8
2020-04-07 08:50:00,1.0,mis/imp,21.0,2.6,52.68,1.0,0.0,0.0,1,8
2020-04-07 09:05:00,0.0,mis/imp,22.0,3.1,53.47,1.0,0.0,0.0,1,9
2020-04-07 09:20:00,0.0,obs,21.0,3.1,54.19,1.0,0.0,0.0,1,9
2020-04-07 09:35:00,0.0,mis/imp,20.0,3.1,54.97,1.0,0.0,0.0,1,9
2020-04-07 09:50:00,0.0,mis/imp,22.0,3.1,55.53,1.0,0.0,0.0,1,9
2020-04-07 10:20:00,0.0,obs,20.0,3.1,56.795,0.0,1.0,0.0,1,10
2020-04-07 11:05:00,0.0,mis/imp,19.0,2.6,58.71,0.0,1.0,0.0,1,11
2020-04-07 11:20:00,0.0,obs,19.0,2.6,59.015,0.0,1.0,0.0,1,11
2020-04-07 11:35:00,0.0,mis/imp,21.0,2.6,59.86,0.0,1.0,0.0,1,11
2020-04-07 11:50:00,0.0,mis/imp,25.0,2.6,60.44,0.0,1.0,0.0,1,11
2020-04-07 12:05:00,0.0,obs,23.0,2.6,61.2,1.0,0.0,0.0,1,12
2020-04-07 12:20:00,0.0,mis/imp,24.0,2.6,61.51000000000001,1.0,0.0,0.0,1,12
2020-04-07 12:35:00,1.0,mis/imp,25.0,2.6,62.31,1.0,0.0,0.0,1,12
2020-04-07 12:50:00,0.0,obs,28.0,2.6,62.925,1.0,0.0,0.0,1,12
2020-04-07 13:05:00,1.0,mis/imp,26.0,3.21,63.37,1.0,0.0,0.0,1,13
2020-04-07 13:20:00,1.0,mis/imp,26.0,3.21,63.525,1.0,0.0,0.0,1,13
2020-04-07 13:50:00,1.0,mis/imp,32.0,3.21,64.25,1.0,0.0,0.0,1,13
2020-04-07 14:05:00,1.0,obs,29.0,3.21,64.67,1.0,0.0,0.0,1,14
2020-04-07 14:20:00,1.0,mis/imp,29.0,3.21,64.8,1.0,0.0,0.0,1,14
2020-04-07 14:35:00,1.0,mis/imp,32.0,2.6,64.92,0.0,1.0,0.0,1,14
2020-04-07 14:50:00,0.0,mis/imp,39.0,2.6,64.945,0.0,1.0,0.0,1,14
2020-04-07 15:05:00,0.0,obs,36.0,5.1,65.07,1.0,0.0,0.0,1,15
2020-04-07 15:20:00,0.0,mis/imp,36.0,5.1,64.87,1.0,0.0,0.0,1,15
2020-04-07 15:35:00,0.0,mis/imp,39.0,5.1,64.89,1.0,0.0,0.0,1,15
2020-04-07 15:50:00,1.0,mis/imp,39.0,5.1,64.715,1.0,0.0,0.0,1,15
2020-04-07 16:05:00,0.0,obs,40.0,5.1,64.35,1.0,0.0,0.0,1,16
2020-04-07 16:20:00,1.0,mis/imp,36.0,5.1,64.06,1.0,0.0,0.0,1,16
2020-04-07 16:35:00,1.0,mis/imp,43.0,5.1,63.97,1.0,0.0,0.0,1,16
2020-04-07 17:05:00,0.0,obs,44.0,5.1,63.3,1.0,0.0,0.0,1,17
2020-04-07 18:05:00,1.0,mis/imp,46.0,6.2,61.21,1.0,0.0,0.0,1,18
2020-04-07 18:20:00,1.0,obs,42.0,5.95,60.88,1.0,0.0,0.0,1,18
2020-04-07 18:35:00,1.0,mis/imp,47.0,5.7,59.68,1.0,0.0,0.0,1,18
2020-04-07 18:50:00,1.0,mis/imp,46.0,5.7,59.07,1.0,0.0,0.0,1,18
2020-04-08 17:50:00,1.0,mis/imp,48.0,3.1,63.125,0.0,1.0,0.0,2,17
2020-04-08 18:05:00,1.0,obs,43.0,3.1,63.0,0.0,1.0,0.0,2,18
2020-04-08 18:20:00,1.0,obs,43.0,3.1,62.74,0.0,1.0,0.0,2,18
2020-04-08 18:35:00,1.0,mis/imp,44.0,19.393599129040453,61.93320646001418,0.0,1.0,0.0,2,18
2020-04-08 18:50:00,1.0,mis/imp,43.0,18.4,62.06,0.0,1.0,0.0,2,18
2020-04-08 19:05:00,1.0,mis/imp,43.0,17.829964628036365,62.41776842416183,0.0,1.0,0.0,2,19
2020-04-08 19:20:00,1.0,obs,38.0,17.683493013149548,63.006511732499675,0.0,1.0,0.0,2,19
2020-04-08 19:35:00,1.0,mis/imp,37.0,1.6,57.97,1.0,0.0,0.0,2,19
2020-04-08 19:50:00,1.0,mis/imp,34.0,1.6,57.115,1.0,0.0,0.0,2,19
2020-04-09 11:50:00,0.0,mis/imp,15.0,3.6,53.06,0.0,0.0,1.0,3,11
2020-04-09 12:05:00,0.0,obs,18.0,3.6,53.31,0.0,0.0,1.0,3,12
2020-04-09 12:20:00,0.0,mis/imp,16.0,2.55,54.05,0.0,0.0,1.0,3,12
2020-04-09 12:35:00,0.0,mis/imp,16.0,1.5,54.09,0.0,0.0,1.0,3,12
2020-04-09 18:05:00,1.0,mis/imp,26.0,26.28315260070097,53.671757811662594,0.0,0.0,1.0,3,18
2020-04-09 18:20:00,1.0,obs,25.0,6.7,51.42,1.0,0.0,0.0,3,18
2020-04-09 18:35:00,1.0,mis/imp,26.0,36.65471605162008,53.76888912873394,1.0,0.0,0.0,3,18
2020-04-09 18:50:00,1.0,mis/imp,29.0,38.9,53.96,1.0,0.0,0.0,3,18
2020-04-10 13:35:00,0.0,mis/imp,20.0,6.7,46.89,0.0,0.0,1.0,4,13
2020-04-10 13:50:00,0.0,obs,22.0,6.7,46.86,0.0,0.0,1.0,4,13
2020-04-10 14:05:00,0.0,mis/imp,22.0,6.7,46.92,0.0,0.0,1.0,4,14
2020-04-10 14:20:00,0.0,mis/imp,21.0,6.7,46.9,0.0,0.0,1.0,4,14
2020-04-11 16:05:00,1.0,mis/imp,57.0,5.7,53.42,0.0,1.0,0.0,5,16
2020-04-11 16:20:00,1.0,obs,58.0,6.033333333333334,53.69666666666666,1.0,0.0,0.0,5,16
2020-04-11 16:35:00,1.0,mis/imp,60.0,6.7,53.76,1.0,0.0,0.0,5,16
2020-04-11 16:50:00,1.0,mis/imp,69.0,6.7,53.82,1.0,0.0,0.0,5,16
2020-04-11 19:35:00,0.0,mis/imp,35.0,4.6,51.51,1.0,0.0,0.0,5,19
2020-04-11 19:50:00,0.0,obs,33.0,4.6,51.04,1.0,0.0,0.0,5,19
2020-04-11 20:05:00,0.0,mis/imp,27.0,3.933333333333333,50.64666666666667,1.0,0.0,0.0,5,20
2020-04-11 20:20:00,0.0,mis/imp,23.0,3.6,50.07,1.0,0.0,0.0,5,20
2020-04-12 10:35:00,0.0,mis/imp,26.0,2.1,55.49,1.0,0.0,0.0,6,10
2020-04-12 10:50:00,0.0,obs,32.0,2.1,56.09,1.0,0.0,0.0,6,10
2020-04-12 11:05:00,0.0,mis/imp,33.0,2.1,57.06,1.0,0.0,0.0,6,11
2020-04-12 11:20:00,0.0,mis/imp,33.0,3.766666666666666,57.47,1.0,0.0,0.0,6,11
2020-04-13 11:50:00,1.0,mis/imp,12.0,42.5,53.96,1.0,0.0,0.0,0,11
2020-04-13 12:05:00,1.0,obs,12.0,44.892774310591754,53.9453774816609,1.0,0.0,0.0,0,12
2020-04-13 12:20:00,1.0,mis/imp,10.0,7.7,58.69,0.0,0.0,1.0,0,12
2020-04-13 12:35:00,1.0,mis/imp,11.0,7.7,58.75,0.0,0.0,1.0,0,12
2020-04-14 12:20:00,1.0,mis/imp,28.0,3.6,52.14333333333334,1.0,0.0,0.0,1,12
2020-04-14 12:35:00,1.0,obs,28.0,21.067884138222386,49.66538890345733,1.0,0.0,0.0,1,12
2020-04-14 12:50:00,1.0,mis/imp,31.0,22.3,50.0,1.0,0.0,0.0,1,12
2020-04-14 13:05:00,1.0,mis/imp,32.0,23.061281091401078,50.462222541652785,1.0,0.0,0.0,1,13
2020-04-14 18:50:00,0.0,mis/imp,51.0,6.866666666666667,52.61333333333334,0.0,1.0,0.0,1,18
2020-04-14 19:05:00,0.0,obs,47.0,6.2,52.27,0.0,1.0,0.0,1,19
2020-04-14 19:20:00,0.0,mis/imp,39.0,4.1,51.85666666666666,0.0,0.0,1.0,1,19
2020-04-14 19:35:00,0.0,mis/imp,34.0,4.1,51.60333333333333,0.0,1.0,0.0,1,19
2020-04-15 08:35:00,0.0,mis/imp,18.0,19.470587021601226,43.18342313509866,0.0,1.0,0.0,2,8
2020-04-15 08:50:00,0.0,obs,21.0,16.6,42.98,0.0,1.0,0.0,2,8
2020-04-15 09:05:00,0.0,mis/imp,20.0,15.715173218229635,43.07641445523976,0.0,1.0,0.0,2,9
2020-04-15 09:20:00,0.0,mis/imp,19.0,16.816106676290126,43.47266650081791,0.0,1.0,0.0,2,9
2020-04-15 16:35:00,1.0,mis/imp,33.0,5.1,51.67333333333333,1.0,0.0,0.0,2,16
2020-04-15 16:50:00,1.0,obs,44.0,5.1,51.72,1.0,0.0,0.0,2,16
2020-04-15 17:05:00,1.0,mis/imp,39.0,5.1,51.67666666666667,1.0,0.0,0.0,2,17
2020-04-15 17:20:00,1.0,mis/imp,36.0,5.1,51.66666666666666,1.0,0.0,0.0,2,17
2020-04-15 17:35:00,0.0,mis/imp,34.0,6.7,51.66,1.0,0.0,0.0,2,17
2020-04-15 17:50:00,0.0,obs,45.0,7.2,51.62,1.0,0.0,0.0,2,17
2020-04-15 18:05:00,0.0,mis/imp,41.0,8.2,51.62,1.0,0.0,0.0,2,18
2020-04-15 18:20:00,0.0,mis/imp,38.0,24.49845775500565,52.12386772621198,1.0,0.0,0.0,2,18
2020-04-16 07:35:00,1.0,mis/imp,14.0,33.43827754078742,46.183889206038884,1.0,0.0,0.0,3,7
2020-04-16 07:50:00,1.0,obs,17.0,33.5,46.04,1.0,0.0,0.0,3,7
2020-04-16 08:05:00,1.0,mis/imp,17.0,32.87636501925305,45.798051949409796,1.0,0.0,0.0,3,8
2020-04-16 08:20:00,1.0,mis/imp,16.0,31.56737259854656,45.458045054268275,1.0,0.0,0.0,3,8
2020-04-16 08:35:00,0.0,mis/imp,19.0,30.2246938785668,45.139015631992606,1.0,0.0,0.0,3,8
2020-04-16 08:50:00,0.0,obs,23.0,29.5,44.96,1.0,0.0,0.0,3,8
2020-04-16 09:05:00,0.0,mis/imp,21.0,29.393290962846194,44.92099815829045,1.0,0.0,0.0,3,9
2020-04-16 09:20:00,0.0,mis/imp,19.0,29.90456676710535,45.02201010686396,1.0,0.0,0.0,3,9
2020-04-16 15:05:00,1.0,mis/imp,27.0,3.6,47.06999999999999,0.0,1.0,0.0,3,15
2020-04-16 15:20:00,1.0,obs,26.0,3.6,47.08,0.0,1.0,0.0,3,15
2020-04-16 15:35:00,1.0,mis/imp,28.0,30.59773337564182,46.89205771214335,0.0,1.0,0.0,3,15
2020-04-16 15:50:00,1.0,mis/imp,31.0,29.5,46.94,0.0,1.0,0.0,3,15
2020-04-16 18:05:00,1.0,mis/imp,27.0,32.831110809280936,47.24950047762269,0.0,1.0,0.0,3,18
2020-04-16 18:20:00,1.0,obs,27.0,3.6,46.46666666666667,0.0,1.0,0.0,3,18
2020-04-16 18:35:00,1.0,mis/imp,28.0,3.6,46.10333333333333,0.0,1.0,0.0,3,18
2020-04-16 18:50:00,1.0,mis/imp,33.0,3.6,45.62666666666666,0.0,1.0,0.0,3,18
2020-04-17 10:05:00,0.0,mis/imp,23.0,4.966666666666666,43.79666666666667,1.0,0.0,0.0,4,10
2020-04-17 10:20:00,0.0,obs,20.0,5.7,44.29,1.0,0.0,0.0,4,10
2020-04-17 10:35:00,0.0,mis/imp,20.0,5.7,44.52333333333333,1.0,0.0,0.0,4,10
2020-04-17 10:50:00,0.0,mis/imp,22.0,5.7,44.74666666666667,1.0,0.0,0.0,4,10
2020-04-17 11:50:00,1.0,mis/imp,29.0,14.8,39.92,1.0,0.0,0.0,4,11
2020-04-17 12:05:00,1.0,obs,29.0,5.1,46.94,1.0,0.0,0.0,4,12
2020-04-17 12:20:00,1.0,mis/imp,28.0,5.1,47.04666666666666,1.0,0.0,0.0,4,12
2020-04-17 12:35:00,1.0,mis/imp,31.0,5.1,47.36333333333334,1.0,0.0,0.0,4,12
2020-04-17 15:35:00,0.0,mis/imp,33.0,7.2,49.49333333333333,0.0,0.0,1.0,4,15
2020-04-17 15:50:00,0.0,obs,37.0,7.2,49.37333333333334,0.0,0.0,1.0,4,15
2020-04-17 16:05:00,0.0,mis/imp,33.0,7.2,48.69666666666666,0.0,0.0,1.0,4,16
2020-04-17 16:20:00,0.0,mis/imp,29.0,8.2,47.93,0.0,0.0,1.0,4,16
2020-04-17 16:35:00,1.0,mis/imp,31.0,8.2,47.66,0.0,0.0,1.0,4,16
2020-04-17 16:50:00,1.0,obs,35.0,8.2,47.66666666666666,0.0,0.0,1.0,4,16
2020-04-17 17:05:00,1.0,mis/imp,31.0,7.166666666666668,47.20333333333334,0.0,0.0,1.0,4,17
2020-04-17 17:20:00,1.0,mis/imp,28.0,5.1,46.66333333333333,0.0,0.0,1.0,4,17
2020-04-17 18:20:00,0.0,mis/imp,23.0,2.6,45.35999999999999,0.0,0.0,1.0,4,18
2020-04-17 18:35:00,0.0,obs,21.0,2.6,44.90666666666666,0.0,0.0,1.0,4,18
2020-04-17 18:50:00,0.0,mis/imp,25.0,2.6,44.62666666666666,0.0,0.0,1.0,4,18
2020-04-17 19:05:00,0.0,mis/imp,22.0,2.6,44.52,0.0,0.0,1.0,4,19
2020-04-18 06:50:00,0.0,mis/imp,8.0,5.7,43.68333333333334,0.0,1.0,0.0,5,6
2020-04-18 07:05:00,0.0,obs,10.0,5.7,43.73666666666667,0.0,1.0,0.0,5,7
2020-04-18 07:20:00,0.0,mis/imp,11.0,3.1,44.01333333333334,0.0,1.0,0.0,5,7
2020-04-18 07:35:00,0.0,mis/imp,12.0,3.1,44.18,0.0,1.0,0.0,5,7
2020-04-18 12:35:00,0.0,mis/imp,22.0,2.6,43.18666666666667,0.0,1.0,0.0,5,12
2020-04-18 12:50:00,0.0,obs,22.0,2.6,43.41333333333333,0.0,1.0,0.0,5,12
2020-04-18 13:05:00,1.0,mis/imp,25.0,3.1,43.67666666666666,0.0,0.0,1.0,5,13
2020-04-18 13:20:00,1.0,obs,25.0,4.1,44.08000000000001,0.0,0.0,1.0,5,13
2020-04-18 13:35:00,1.0,mis/imp,27.0,4.1,44.09333333333333,0.0,0.0,1.0,5,13
2020-04-18 13:50:00,1.0,mis/imp,31.0,4.1,44.223333333333336,0.0,0.0,1.0,5,13
2020-04-18 16:20:00,1.0,mis/imp,23.0,3.1,46.11000000000001,0.0,0.0,1.0,5,16
2020-04-18 16:35:00,1.0,obs,25.0,3.1,46.17666666666667,0.0,0.0,1.0,5,16
2020-04-18 16:50:00,1.0,mis/imp,24.0,3.1,46.22,0.0,0.0,1.0,5,16
2020-04-18 17:05:00,0.0,mis/imp,26.0,24.992896124872885,42.10870179848585,0.0,0.0,1.0,5,17
2020-04-18 17:20:00,0.0,obs,23.0,6.29,46.18,0.0,0.0,1.0,5,17
2020-04-18 17:35:00,0.0,mis/imp,23.0,6.29,46.07,0.0,0.0,1.0,5,17
2020-04-18 17:50:00,0.0,mis/imp,21.0,6.29,46.03666666666667,0.0,0.0,1.0,5,17
2020-04-19 08:05:00,0.0,mis/imp,14.0,4.1000000000000005,42.84,1.0,0.0,0.0,6,8
2020-04-19 08:20:00,0.0,obs,14.0,5.1,43.84333333333333,1.0,0.0,0.0,6,8
2020-04-19 08:35:00,0.0,mis/imp,17.0,5.1,44.22,1.0,0.0,0.0,6,8
2020-04-19 08:50:00,0.0,obs,17.0,5.1,44.56,1.0,0.0,0.0,6,8
2020-04-19 09:05:00,0.0,mis/imp,22.0,5.1,45.39000000000001,1.0,0.0,0.0,6,9
2020-04-19 09:20:00,0.0,mis/imp,21.0,5.1,46.51333333333334,1.0,0.0,0.0,6,9
2020-04-19 11:20:00,1.0,mis/imp,37.0,5.1,52.34666666666666,1.0,0.0,0.0,6,11
2020-04-19 11:35:00,1.0,obs,40.0,5.1,54.14666666666667,1.0,0.0,0.0,6,11
2020-04-19 11:50:00,1.0,mis/imp,47.0,5.1,54.276666666666664,1.0,0.0,0.0,6,11
2020-04-19 12:05:00,1.0,mis/imp,51.0,5.1,54.73666666666667,1.0,0.0,0.0,6,12
2020-04-19 12:20:00,1.0,obs,51.0,6.2,56.23666666666666,1.0,0.0,0.0,6,12
2020-04-19 12:35:00,1.0,mis/imp,55.0,6.2,56.26,1.0,0.0,0.0,6,12
2020-04-19 12:50:00,1.0,mis/imp,64.0,6.2,56.54666666666666,1.0,0.0,0.0,6,12
2020-04-19 13:35:00,1.0,mis/imp,70.0,6.2,58.33000000000001,1.0,0.0,0.0,6,13
2020-04-19 13:50:00,1.0,obs,82.0,6.2,58.46,1.0,0.0,0.0,6,13
2020-04-19 14:05:00,1.0,mis/imp,72.0,6.2,58.55333333333334,1.0,0.0,0.0,6,14
2020-04-19 14:20:00,1.0,mis/imp,73.0,5.866666666666667,59.16333333333333,1.0,0.0,0.0,6,14
2020-04-19 14:35:00,0.0,mis/imp,81.0,5.7,59.49333333333334,1.0,0.0,0.0,6,14
2020-04-19 14:50:00,0.0,obs,100.0,5.7,59.54666666666667,1.0,0.0,0.0,6,14
2020-04-19 15:05:00,0.0,mis/imp,87.0,5.7,59.74,1.0,0.0,0.0,6,15
2020-04-19 15:20:00,0.0,mis/imp,90.0,5.7,59.86666666666667,1.0,0.0,0.0,6,15
2020-04-19 15:35:00,0.0,mis/imp,100.0,5.7,59.93333333333334,1.0,0.0,0.0,6,15
2020-04-19 15:50:00,0.0,obs,118.0,5.7,59.88333333333333,1.0,0.0,0.0,6,15
2020-04-19 16:05:00,0.0,mis/imp,103.0,5.7,60.05333333333334,1.0,0.0,0.0,6,16
2020-04-19 16:20:00,0.0,mis/imp,104.0,6.366666666666667,60.21666666666667,1.0,0.0,0.0,6,16
2020-04-19 17:05:00,1.0,mis/imp,104.0,6.866666666666667,59.75,1.0,0.0,0.0,6,17
2020-04-19 17:20:00,1.0,obs,99.0,7.2,59.65,1.0,0.0,0.0,6,17
2020-04-19 17:35:00,0.0,obs,89.0,7.2,59.50666666666667,1.0,0.0,0.0,6,17
2020-04-19 17:50:00,1.0,mis/imp,91.0,7.2,59.21,1.0,0.0,0.0,6,17
2020-04-19 18:05:00,0.0,mis/imp,74.0,7.2,58.66,1.0,0.0,0.0,6,18
2020-04-19 18:20:00,0.0,mis/imp,68.0,6.2,58.41333333333333,0.0,1.0,0.0,6,18
2020-04-19 18:35:00,0.0,obs,59.0,6.2,58.28,0.0,1.0,0.0,6,18
2020-04-19 18:50:00,0.0,mis/imp,58.0,6.2,58.15,0.0,1.0,0.0,6,18
2020-04-19 19:05:00,0.0,mis/imp,48.0,6.366666666666667,58.18,0.0,1.0,0.0,6,19
2020-04-20 07:35:00,1.0,mis/imp,12.0,3.6,51.69333333333333,0.0,1.0,0.0,0,7
2020-04-20 07:50:00,1.0,obs,17.0,3.6,51.72,0.0,1.0,0.0,0,7
2020-04-20 08:05:00,1.0,mis/imp,16.0,3.6,51.75,0.0,1.0,0.0,0,8
2020-04-20 08:20:00,1.0,mis/imp,16.0,3.6,51.65,1.0,0.0,0.0,0,8
2020-04-20 08:35:00,0.0,mis/imp,16.0,3.6,51.27333333333333,1.0,0.0,0.0,0,8
2020-04-20 08:50:00,0.0,obs,22.0,3.6,51.11333333333334,1.0,0.0,0.0,0,8
2020-04-20 09:05:00,0.0,mis/imp,20.0,3.6,51.13,1.0,0.0,0.0,0,9
2020-04-20 09:20:00,0.0,mis/imp,19.0,4.6,50.85666666666666,1.0,0.0,0.0,0,9
2020-04-20 09:50:00,1.0,mis/imp,21.0,4.6,50.52666666666667,1.0,0.0,0.0,0,9
2020-04-20 10:05:00,1.0,obs,19.0,4.6,50.34333333333333,1.0,0.0,0.0,0,10
2020-04-20 10:20:00,1.0,mis/imp,18.0,4.6,50.19,0.0,1.0,0.0,0,10
2020-04-20 10:35:00,1.0,mis/imp,17.0,4.6,50.02,0.0,1.0,0.0,0,10
2020-04-20 12:05:00,0.0,mis/imp,21.0,4.1,50.04999999999999,1.0,0.0,0.0,0,12
2020-04-20 12:20:00,0.0,obs,21.0,17.06665513696778,51.43764873285322,1.0,0.0,0.0,0,12
2020-04-20 12:35:00,0.0,mis/imp,20.0,20.01105325770894,51.15998901747085,1.0,0.0,0.0,0,12
2020-04-20 12:50:00,0.0,obs,26.0,22.3,51.08,1.0,0.0,0.0,0,12
2020-04-20 13:05:00,1.0,mis/imp,25.0,23.93349536384096,51.19768168044072,1.0,0.0,0.0,0,13
2020-04-20 13:20:00,1.0,obs,24.0,4.1,51.91,1.0,0.0,0.0,0,13
2020-04-20 13:35:00,1.0,mis/imp,23.0,4.1,52.04,1.0,0.0,0.0,0,13
2020-04-20 13:50:00,1.0,mis/imp,27.0,4.1,52.22,1.0,0.0,0.0,0,13
2020-04-20 15:05:00,0.0,mis/imp,30.0,25.40591442089001,50.73776330627897,1.0,0.0,0.0,0,15
2020-04-20 15:20:00,0.0,obs,28.0,2.1,54.28333333333333,1.0,0.0,0.0,0,15
2020-04-20 15:35:00,0.0,mis/imp,29.0,2.1,54.49,1.0,0.0,0.0,0,15
2020-04-20 15:50:00,1.0,obs,34.0,2.1,54.67666666666667,1.0,0.0,0.0,0,15
2020-04-20 16:05:00,1.0,mis/imp,28.0,2.1,54.76666666666667,1.0,0.0,0.0,0,16
2020-04-20 16:20:00,1.0,mis/imp,27.0,1.97,54.9,1.0,0.0,0.0,0,16
2020-04-20 16:35:00,0.0,mis/imp,30.0,1.97,55.0,1.0,0.0,0.0,0,16
2020-04-20 16:50:00,0.0,obs,36.0,1.97,54.98333333333334,1.0,0.0,0.0,0,16
2020-04-20 17:05:00,0.0,mis/imp,32.0,1.97,54.94666666666666,1.0,0.0,0.0,0,17
2020-04-20 17:20:00,0.0,mis/imp,31.0,1.97,54.8,1.0,0.0,0.0,0,17
2020-04-20 18:05:00,0.0,mis/imp,33.0,1.97,54.75666666666666,1.0,0.0,0.0,0,18
2020-04-20 18:20:00,0.0,obs,32.0,1.97,54.97,1.0,0.0,0.0,0,18
2020-04-20 18:35:00,0.0,mis/imp,33.0,1.4566666666666668,54.90333333333334,1.0,0.0,0.0,0,18
2020-04-20 18:50:00,0.0,mis/imp,37.0,1.2,54.49333333333333,1.0,0.0,0.0,0,18
2020-04-21 06:50:00,0.0,mis/imp,9.0,1.5,45.45,0.0,1.0,0.0,1,6
2020-04-21 07:05:00,0.0,obs,12.0,1.5,45.723333333333336,0.0,1.0,0.0,1,7
2020-04-21 07:20:00,1.0,obs,11.0,2.1,46.45000000000001,0.0,1.0,0.0,1,7
2020-04-21 07:35:00,1.0,mis/imp,14.0,2.1,47.04999999999999,0.0,1.0,0.0,1,7
2020-04-21 07:50:00,1.0,mis/imp,15.0,2.1,47.776666666666664,0.0,1.0,0.0,1,7
2020-04-21 08:05:00,0.0,mis/imp,18.0,2.6,48.51666666666667,0.0,1.0,0.0,1,8
2020-04-21 08:20:00,0.0,obs,17.0,3.6,49.35,0.0,1.0,0.0,1,8
2020-04-21 08:35:00,0.0,mis/imp,20.0,3.6,49.96,0.0,1.0,0.0,1,8
2020-04-21 08:50:00,0.0,obs,21.0,3.6,50.35333333333333,0.0,1.0,0.0,1,8
2020-04-21 09:05:00,0.0,mis/imp,21.0,3.6,50.98333333333333,0.0,1.0,0.0,1,9
2020-04-21 09:20:00,0.0,mis/imp,19.0,3.6,52.26,0.0,1.0,0.0,1,9
2020-04-21 09:35:00,1.0,mis/imp,22.0,3.6,53.75333333333334,0.0,1.0,0.0,1,9
2020-04-21 09:50:00,1.0,obs,22.0,3.6,54.32,0.0,1.0,0.0,1,9
2020-04-21 10:05:00,1.0,mis/imp,23.0,3.6,55.03666666666667,0.0,1.0,0.0,1,10
2020-04-21 10:20:00,1.0,mis/imp,21.0,5.1,55.94666666666666,0.0,1.0,0.0,1,10
2020-04-21 10:35:00,0.0,mis/imp,25.0,5.1,56.40666666666666,0.0,1.0,0.0,1,10
2020-04-21 10:50:00,0.0,obs,25.0,5.1,57.02333333333333,0.0,1.0,0.0,1,10
2020-04-21 11:05:00,0.0,mis/imp,27.0,4.433333333333334,57.13,1.0,0.0,0.0,1,11
2020-04-21 11:20:00,0.0,obs,25.0,3.1,57.55,1.0,0.0,0.0,1,11
2020-04-21 11:35:00,0.0,mis/imp,29.0,3.1,57.73333333333333,1.0,0.0,0.0,1,11
2020-04-21 11:50:00,0.0,mis/imp,29.0,3.1,57.59333333333333,1.0,0.0,0.0,1,11
2020-04-21 13:05:00,0.0,mis/imp,22.0,6.7,53.76666666666667,0.0,0.0,1.0,1,13
2020-04-21 13:20:00,0.0,obs,20.0,6.7,54.17,0.0,0.0,1.0,1,13
2020-04-21 13:35:00,0.0,mis/imp,18.0,6.7,55.00666666666666,0.0,1.0,0.0,1,13
2020-04-21 13:50:00,0.0,mis/imp,18.0,6.7,56.49666666666666,0.0,1.0,0.0,1,13
2020-04-21 16:35:00,1.0,mis/imp,14.0,4.6,52.59333333333334,0.0,0.0,1.0,1,16
2020-04-21 16:50:00,1.0,obs,17.0,4.6,52.94666666666666,0.0,0.0,1.0,1,16
2020-04-21 17:05:00,0.0,mis/imp,14.0,4.6,54.10333333333333,0.0,0.0,1.0,1,17
2020-04-21 17:20:00,0.0,obs,15.0,4.6,54.91333333333333,0.0,1.0,0.0,1,17
2020-04-21 17:35:00,0.0,mis/imp,19.0,4.6,55.07,0.0,1.0,0.0,1,17
2020-04-21 17:50:00,0.0,mis/imp,26.0,4.6,55.02,0.0,1.0,0.0,1,17
2020-04-21 18:05:00,1.0,mis/imp,23.0,4.766666666666667,54.79333333333333,0.0,1.0,0.0,1,18
2020-04-21 18:20:00,1.0,obs,24.0,4.933333333333334,54.6,0.0,1.0,0.0,1,18
2020-04-21 18:35:00,1.0,mis/imp,26.0,5.1,54.50333333333333,0.0,1.0,0.0,1,18
2020-04-21 18:50:00,1.0,mis/imp,31.0,5.1,53.96666666666667,0.0,1.0,0.0,1,18
2020-04-21 20:05:00,0.0,mis/imp,29.0,4.6,47.63333333333333,0.0,1.0,0.0,1,20
2020-04-21 20:20:00,0.0,obs,23.0,20.31235217199247,51.408940753006185,0.0,1.0,0.0,1,20
2020-04-21 20:35:00,0.0,mis/imp,19.0,21.182199477985925,52.347756657223094,0.0,1.0,0.0,1,20
2020-04-21 20:50:00,0.0,mis/imp,16.0,22.3,53.06,0.0,1.0,0.0,1,20
2020-04-22 07:35:00,0.0,mis/imp,13.0,46.25139508274628,37.304012445101634,0.0,1.0,0.0,2,7
2020-04-22 07:50:00,0.0,obs,14.0,46.4,37.04,0.0,1.0,0.0,2,7
2020-04-22 08:05:00,0.0,mis/imp,16.0,43.75107524102149,36.65323332409125,0.0,1.0,0.0,2,8
2020-04-22 08:20:00,0.0,mis/imp,16.0,6.2,38.595,0.0,1.0,0.0,2,8
2020-04-22 09:35:00,0.0,mis/imp,20.0,35.06346911108607,36.851975743067676,0.0,1.0,0.0,2,9
2020-04-22 09:50:00,0.0,obs,21.0,35.0,37.4,0.0,1.0,0.0,2,9
2020-04-22 10:05:00,0.0,mis/imp,20.0,9.3,41.76,0.0,1.0,0.0,2,10
2020-04-22 10:20:00,0.0,mis/imp,19.0,9.3,42.083333333333336,0.0,1.0,0.0,2,10
2020-04-22 10:50:00,0.0,mis/imp,21.0,20.0,39.2,0.0,1.0,0.0,2,10
2020-04-22 11:05:00,0.0,obs,21.0,21.45330304157048,39.64412784564757,0.0,1.0,0.0,2,11
2020-04-22 11:20:00,0.0,mis/imp,20.0,4.1,43.68,0.0,1.0,0.0,2,11
2020-04-22 11:35:00,0.0,mis/imp,20.0,4.1,44.06,0.0,1.0,0.0,2,11
2020-04-22 12:35:00,1.0,mis/imp,24.0,6.0,45.85,1.0,0.0,0.0,2,12
2020-04-22 12:50:00,1.0,obs,27.0,6.7,46.41,0.0,1.0,0.0,2,12
2020-04-22 13:05:00,1.0,mis/imp,29.0,5.666666666666668,46.70333333333334,0.0,1.0,0.0,2,13
2020-04-22 13:20:00,1.0,mis/imp,28.0,3.6,47.23,0.0,1.0,0.0,2,13
2020-04-22 16:35:00,1.0,mis/imp,37.0,4.1,51.03,1.0,0.0,0.0,2,16
2020-04-22 16:50:00,1.0,obs,36.0,37.0,48.2,1.0,0.0,0.0,2,16
2020-04-22 17:05:00,1.0,mis/imp,39.0,7.2,51.26,1.0,0.0,0.0,2,17
2020-04-22 17:20:00,1.0,mis/imp,35.0,6.5,51.29666666666666,1.0,0.0,0.0,2,17
2020-04-22 18:05:00,1.0,mis/imp,41.0,6.333333333333332,51.18333333333334,1.0,0.0,0.0,2,18
2020-04-22 18:20:00,1.0,obs,37.0,9.34,51.14333333333334,1.0,0.0,0.0,2,18
2020-04-22 18:35:00,1.0,mis/imp,39.0,8.533333333333333,51.05666666666666,1.0,0.0,0.0,2,18
2020-04-22 18:50:00,1.0,mis/imp,37.0,8.13,50.85,1.0,0.0,0.0,2,18
2020-04-23 08:05:00,1.0,mis/imp,18.0,3.1,41.43,0.0,0.0,1.0,3,8
2020-04-23 08:20:00,1.0,obs,18.0,2.1,41.65,0.0,0.0,1.0,3,8
2020-04-23 08:35:00,1.0,mis/imp,19.0,2.1,41.62333333333333,0.0,0.0,1.0,3,8
2020-04-23 08:50:00,1.0,mis/imp,23.0,2.1,41.60333333333333,0.0,0.0,1.0,3,8
2020-04-23 10:35:00,0.0,mis/imp,17.0,2.1,42.66333333333333,0.0,1.0,0.0,3,10
2020-04-23 10:50:00,0.0,obs,17.0,2.1,42.93666666666667,0.0,1.0,0.0,3,10
2020-04-23 11:05:00,0.0,mis/imp,17.0,2.1,43.39333333333334,0.0,1.0,0.0,3,11
2020-04-23 11:20:00,0.0,mis/imp,17.0,2.1,44.2,0.0,1.0,0.0,3,11
2020-04-23 11:35:00,1.0,mis/imp,17.0,2.1,44.64000000000001,0.0,1.0,0.0,3,11
2020-04-23 11:50:00,1.0,obs,19.0,2.1,44.6,0.0,1.0,0.0,3,11
2020-04-23 12:05:00,1.0,mis/imp,18.0,2.1,44.92,0.0,1.0,0.0,3,12
2020-04-23 12:20:00,1.0,mis/imp,18.0,1.5200000000000002,45.36666666666667,0.0,0.0,1.0,3,12
2020-04-23 18:05:00,0.0,mis/imp,31.0,3.266666666666667,48.11333333333334,0.0,1.0,0.0,3,18
2020-04-23 18:20:00,0.0,obs,28.0,3.6,47.70666666666667,0.0,1.0,0.0,3,18
2020-04-23 18:35:00,0.0,mis/imp,27.0,3.6,47.62666666666666,0.0,1.0,0.0,3,18
2020-04-23 18:50:00,0.0,mis/imp,31.0,3.6,47.26666666666667,0.0,1.0,0.0,3,18
2020-04-24 19:05:00,1.0,mis/imp,20.0,4.513333333333333,49.14000000000001,0.0,1.0,0.0,4,19
2020-04-24 19:20:00,1.0,obs,18.0,4.6,48.98,0.0,1.0,0.0,4,19
2020-04-24 19:35:00,1.0,mis/imp,18.0,4.6,48.85333333333333,0.0,1.0,0.0,4,19
2020-04-24 19:50:00,1.0,mis/imp,17.0,4.6,48.84666666666666,0.0,1.0,0.0,4,19
2020-04-25 13:05:00,1.0,mis/imp,82.0,3.1,61.01333333333333,1.0,0.0,0.0,5,13
2020-04-25 13:20:00,1.0,obs,77.0,3.1,61.23333333333333,1.0,0.0,0.0,5,13
2020-04-25 13:35:00,1.0,mis/imp,91.0,3.1,62.18333333333334,1.0,0.0,0.0,5,13
2020-04-25 13:50:00,1.0,mis/imp,92.0,3.1,62.223333333333336,1.0,0.0,0.0,5,13
2020-04-25 14:35:00,1.0,mis/imp,97.0,3.6,62.17,1.0,0.0,0.0,5,14
2020-04-25 14:50:00,1.0,obs,112.0,3.6,62.42666666666667,1.0,0.0,0.0,5,14
2020-04-25 15:05:00,1.0,obs,117.0,3.6,62.38,1.0,0.0,0.0,5,15
2020-04-25 15:20:00,1.0,mis/imp,112.0,2.6,62.61666666666667,1.0,0.0,0.0,5,15
2020-04-25 15:35:00,1.0,obs,115.0,2.6,62.42333333333333,1.0,0.0,0.0,5,15
2020-04-25 15:50:00,1.0,mis/imp,131.0,2.6,62.13666666666666,1.0,0.0,0.0,5,15
2020-04-25 16:05:00,1.0,mis/imp,139.0,2.766666666666667,61.92666666666667,1.0,0.0,0.0,5,16
2020-04-25 16:50:00,1.0,mis/imp,138.0,3.1,61.10666666666666,1.0,0.0,0.0,5,16
2020-04-25 17:05:00,1.0,obs,140.0,3.266666666666667,60.53,1.0,0.0,0.0,5,17
2020-04-25 17:20:00,1.0,mis/imp,129.0,3.4333333333333336,59.86333333333334,1.0,0.0,0.0,5,17
2020-04-25 17:35:00,1.0,mis/imp,117.0,3.6,58.78333333333333,1.0,0.0,0.0,5,17
2020-04-26 14:35:00,0.0,mis/imp,18.0,9.8,47.473333333333336,0.0,1.0,0.0,6,14
2020-04-26 14:50:00,0.0,obs,19.0,9.8,47.46666666666667,0.0,1.0,0.0,6,14
2020-04-26 15:05:00,0.0,mis/imp,14.0,9.8,47.43333333333334,0.0,1.0,0.0,6,15
2020-04-26 15:20:00,0.0,mis/imp,13.0,9.8,47.44666666666666,0.0,1.0,0.0,6,15
